GEO.id,GEO.id2,GEO.display-label,HD01_S01,HD02_S01,HD01_S02,HD02_S02,HD01_S03,HD02_S03,HD01_S04,HD02_S04,HD01_S05,HD02_S05,HD01_S06,HD02_S06,HD01_S07,HD02_S07,HD01_S08,HD02_S08,HD01_S09,HD02_S09,HD01_S10,HD02_S10,HD01_S11,HD02_S11,HD01_S12,HD02_S12,HD01_S13,HD02_S13,HD01_S14,HD02_S14,HD01_S15,HD02_S15,HD01_S16,HD02_S16,HD01_S17,HD02_S17,HD01_S18,HD02_S18,HD01_S19,HD02_S19,HD01_S20,HD02_S20,HD01_S21,HD02_S21,HD01_S22,HD02_S22,HD01_S23,HD02_S23,HD01_S24,HD02_S24,HD01_S25,HD02_S25,HD01_S26,HD02_S26,HD01_S27,HD02_S27,HD01_S28,HD02_S28,HD01_S29,HD02_S29,HD01_S30,HD02_S30,HD01_S31,HD02_S31,HD01_S32,HD02_S32,HD01_S33,HD02_S33,HD01_S34,HD02_S34,HD01_S35,HD02_S35,HD01_S36,HD02_S36,HD01_S37,HD02_S37
Id,Id2,Geography,Number; HOUSEHOLD TYPE - Total households,Percent; HOUSEHOLD TYPE - Total households,Number; HOUSEHOLD TYPE - Total households - Family households [1],Percent; HOUSEHOLD TYPE - Total households - Family households [1],Number; HOUSEHOLD TYPE - Total households - Family households [1] - Male householder,Percent; HOUSEHOLD TYPE - Total households - Family households [1] - Male householder,Number; HOUSEHOLD TYPE - Total households - Family households [1] - Female householder,Percent; HOUSEHOLD TYPE - Total households - Family households [1] - Female householder,Number; HOUSEHOLD TYPE - Total households - Nonfamily households [2],Percent; HOUSEHOLD TYPE - Total households - Nonfamily households [2],Number; HOUSEHOLD TYPE - Total households - Nonfamily households [2] - Male householder,Percent; HOUSEHOLD TYPE - Total households - Nonfamily households [2] - Male householder,Number; HOUSEHOLD TYPE - Total households - Nonfamily households [2] - Male householder - Living alone,Percent; HOUSEHOLD TYPE - Total households - Nonfamily households [2] - Male householder - Living alone,Number; HOUSEHOLD TYPE - Total households - Nonfamily households [2] - Female householder,Percent; HOUSEHOLD TYPE - Total households - Nonfamily households [2] - Female householder,Number; HOUSEHOLD TYPE - Total households - Nonfamily households [2] - Female householder - Living alone,Percent; HOUSEHOLD TYPE - Total households - Nonfamily households [2] - Female householder - Living alone,Number; HOUSEHOLD SIZE - Total households,Percent; HOUSEHOLD SIZE - Total households,Number; HOUSEHOLD SIZE - Total households - 1-person household,Percent; HOUSEHOLD SIZE - Total households - 1-person household,Number; HOUSEHOLD SIZE - Total households - 2-person household,Percent; HOUSEHOLD SIZE - Total households - 2-person household,Number; HOUSEHOLD SIZE - Total households - 3-person household,Percent; HOUSEHOLD SIZE - Total households - 3-person household,Number; HOUSEHOLD SIZE - Total households - 4-person household,Percent; HOUSEHOLD SIZE - Total households - 4-person household,Number; HOUSEHOLD SIZE - Total households - 5-person household,Percent; HOUSEHOLD SIZE - Total households - 5-person household,Number; HOUSEHOLD SIZE - Total households - 6-person household,Percent; HOUSEHOLD SIZE - Total households - 6-person household,Number; HOUSEHOLD SIZE - Total households - 7-or-more-person household,Percent; HOUSEHOLD SIZE - Total households - 7-or-more-person household,Number; HOUSEHOLD SIZE - Total households - Average household size,Percent; HOUSEHOLD SIZE - Total households - Average household size,Number; HOUSEHOLD SIZE - Total households - Average family size,Percent; HOUSEHOLD SIZE - Total households - Average family size,Number; FAMILY TYPE AND PRESENCE OF RELATED AND OWN CHILDREN - Families [3],Percent; FAMILY TYPE AND PRESENCE OF RELATED AND OWN CHILDREN - Families [3],Number; FAMILY TYPE AND PRESENCE OF RELATED AND OWN CHILDREN - Families [3] - With related children under 18 years,Percent; FAMILY TYPE AND PRESENCE OF RELATED AND OWN CHILDREN - Families [3] - With related children under 18 years,Number; FAMILY TYPE AND PRESENCE OF RELATED AND OWN CHILDREN - Families [3] - With related children under 18 years - With own children under 18 years,Percent; FAMILY TYPE AND PRESENCE OF RELATED AND OWN CHILDREN - Families [3] - With related children under 18 years - With own children under 18 years,Number; FAMILY TYPE AND PRESENCE OF RELATED AND OWN CHILDREN - Families [3] - With related children under 18 years - With own children under 18 years - Under 6 years only,Percent; FAMILY TYPE AND PRESENCE OF RELATED AND OWN CHILDREN - Families [3] - With related children under 18 years - With own children under 18 years - Under 6 years only,Number; FAMILY TYPE AND PRESENCE OF RELATED AND OWN CHILDREN - Families [3] - With related children under 18 years - With own children under 18 years - Under 6 and 6 to 17 years,Percent; FAMILY TYPE AND PRESENCE OF RELATED AND OWN CHILDREN - Families [3] - With related children under 18 years - With own children under 18 years - Under 6 and 6 to 17 years,Number; FAMILY TYPE AND PRESENCE OF RELATED AND OWN CHILDREN - Families [3] - With related children under 18 years - With own children under 18 years - 6 to 17 years only,Percent; FAMILY TYPE AND PRESENCE OF RELATED AND OWN CHILDREN - Families [3] - With related children under 18 years - With own children under 18 years - 6 to 17 years only,Number; FAMILY TYPE AND PRESENCE OF RELATED AND OWN CHILDREN - Husband-wife families,Percent; FAMILY TYPE AND PRESENCE OF RELATED AND OWN CHILDREN - Husband-wife families,Number; FAMILY TYPE AND PRESENCE OF RELATED AND OWN CHILDREN - Husband-wife families - With related children under 18 years,Percent; FAMILY TYPE AND PRESENCE OF RELATED AND OWN CHILDREN - Husband-wife families - With related children under 18 years,Number; FAMILY TYPE AND PRESENCE OF RELATED AND OWN CHILDREN - Husband-wife families - With related children under 18 years - With own children under 18 years,Percent; FAMILY TYPE AND PRESENCE OF RELATED AND OWN CHILDREN - Husband-wife families - With related children under 18 years - With own children under 18 years,Number; FAMILY TYPE AND PRESENCE OF RELATED AND OWN CHILDREN - Husband-wife families - With related children under 18 years - With own children under 18 years - Under 6 years only,Percent; FAMILY TYPE AND PRESENCE OF RELATED AND OWN CHILDREN - Husband-wife families - With related children under 18 years - With own children under 18 years - Under 6 years only,Number; FAMILY TYPE AND PRESENCE OF RELATED AND OWN CHILDREN - Husband-wife families - With related children under 18 years - With own children under 18 years - Under 6 and 6 to 17 years,Percent; FAMILY TYPE AND PRESENCE OF RELATED AND OWN CHILDREN - Husband-wife families - With related children under 18 years - With own children under 18 years - Under 6 and 6 to 17 years,Number; FAMILY TYPE AND PRESENCE OF RELATED AND OWN CHILDREN - Husband-wife families - With related children under 18 years - With own children under 18 years - 6 to 17 years only,Percent; FAMILY TYPE AND PRESENCE OF RELATED AND OWN CHILDREN - Husband-wife families - With related children under 18 years - With own children under 18 years - 6 to 17 years only,"Number; FAMILY TYPE AND PRESENCE OF RELATED AND OWN CHILDREN - Female householder, no husband present families","Percent; FAMILY TYPE AND PRESENCE OF RELATED AND OWN CHILDREN - Female householder, no husband present families","Number; FAMILY TYPE AND PRESENCE OF RELATED AND OWN CHILDREN - Female householder, no husband present families - With related children under 18 years","Percent; FAMILY TYPE AND PRESENCE OF RELATED AND OWN CHILDREN - Female householder, no husband present families - With related children under 18 years","Number; FAMILY TYPE AND PRESENCE OF RELATED AND OWN CHILDREN - Female householder, no husband present families - With related children under 18 years - With own children under 18 years","Percent; FAMILY TYPE AND PRESENCE OF RELATED AND OWN CHILDREN - Female householder, no husband present families - With related children under 18 years - With own children under 18 years","Number; FAMILY TYPE AND PRESENCE OF RELATED AND OWN CHILDREN - Female householder, no husband present families - With related children under 18 years - With own children under 18 years - Under 6 years only","Percent; FAMILY TYPE AND PRESENCE OF RELATED AND OWN CHILDREN - Female householder, no husband present families - With related children under 18 years - With own children under 18 years - Under 6 years only","Number; FAMILY TYPE AND PRESENCE OF RELATED AND OWN CHILDREN - Female householder, no husband present families - With related children under 18 years - With own children under 18 years - Under 6 and 6 to 17 years","Percent; FAMILY TYPE AND PRESENCE OF RELATED AND OWN CHILDREN - Female householder, no husband present families - With related children under 18 years - With own children under 18 years - Under 6 and 6 to 17 years","Number; FAMILY TYPE AND PRESENCE OF RELATED AND OWN CHILDREN - Female householder, no husband present families - With related children under 18 years - With own children under 18 years - 6 to 17 years only","Percent; FAMILY TYPE AND PRESENCE OF RELATED AND OWN CHILDREN - Female householder, no husband present families - With related children under 18 years - With own children under 18 years - 6 to 17 years only"
0500000US13001,13001,"Appling County, Georgia",6969,100.0,4894,70.2,3424,49.1,1470,21.1,2075,29.8,994,14.3,840,12.1,1081,15.5,992,14.2,6969,100.0,1832,26.3,2313,33.2,1175,16.9,927,13.3,431,6.2,177,2.5,114,1.6,2.56, ( X ) ,3.07, ( X ) ,4894,100.0,2393,48.9,2046,41.8,443,9.1,451,9.2,1152,23.5,3620,100.0,1551,42.8,1389,38.4,292,8.1,310,8.6,787,21.7,875,100.0,603,68.9,480,54.9,101,11.5,115,13.1,264,30.2
0500000US13003,13003,"Atkinson County, Georgia",2983,100.0,2159,72.4,1358,45.5,801,26.9,824,27.6,443,14.9,343,11.5,381,12.8,339,11.4,2983,100.0,682,22.9,849,28.5,576,19.3,445,14.9,262,8.8,93,3.1,76,2.5,2.80, ( X ) ,3.29, ( X ) ,2159,100.0,1206,55.9,1028,47.6,236,10.9,263,12.2,529,24.5,1500,100.0,768,51.2,686,45.7,149,9.9,183,12.2,354,23.6,455,100.0,319,70.1,257,56.5,67,14.7,62,13.6,128,28.1
0500000US13005,13005,"Bacon County, Georgia",4214,100.0,2960,70.2,1994,47.3,966,22.9,1254,29.8,618,14.7,509,12.1,636,15.1,576,13.7,4214,100.0,1085,25.7,1399,33.2,722,17.1,577,13.7,278,6.6,94,2.2,59,1.4,2.56, ( X ) ,3.05, ( X ) ,2960,100.0,1491,50.4,1270,42.9,290,9.8,280,9.5,700,23.6,2125,100.0,926,43.6,820,38.6,161,7.6,186,8.8,473,22.3,624,100.0,437,70.0,351,56.3,99,15.9,81,13.0,171,27.4
0500000US13007,13007,"Baker County, Georgia",1372,100.0,892,65.0,562,41.0,330,24.1,480,35.0,240,17.5,206,15.0,240,17.5,212,15.5,1372,100.0,418,30.5,419,30.5,219,16.0,157,11.4,103,7.5,33,2.4,23,1.7,2.52, ( X ) ,3.14, ( X ) ,892,100.0,403,45.2,306,34.3,61,6.8,60,6.7,185,20.7,606,100.0,243,40.1,204,33.7,41,6.8,38,6.3,125,20.6,218,100.0,131,60.1,86,39.4,17,7.8,21,9.6,48,22.0
0500000US13009,13009,"Baldwin County, Georgia",16788,100.0,10373,61.8,5793,34.5,4580,27.3,6415,38.2,2891,17.2,1999,11.9,3524,21.0,2524,15.0,16788,100.0,4523,26.9,5720,34.1,3127,18.6,2089,12.4,821,4.9,334,2.0,174,1.0,2.45, ( X ) ,2.97, ( X ) ,10373,100.0,5038,48.6,4294,41.4,1020,9.8,938,9.0,2336,22.5,6384,100.0,2469,38.7,2205,34.5,519,8.1,473,7.4,1213,19.0,3217,100.0,2142,66.6,1754,54.5,402,12.5,415,12.9,937,29.1
0500000US13011,13011,"Banks County, Georgia",6700,100.0,5100,76.1,3789,56.6,1311,19.6,1600,23.9,862,12.9,692,10.3,738,11.0,662,9.9,6700,100.0,1354,20.2,2294,34.2,1206,18.0,993,14.8,536,8.0,179,2.7,138,2.1,2.75, ( X ) ,3.14, ( X ) ,5100,100.0,2432,47.7,2099,41.2,370,7.3,441,8.6,1288,25.3,4060,100.0,1799,44.3,1608,39.6,294,7.2,348,8.6,966,23.8,684,100.0,407,59.5,297,43.4,39,5.7,58,8.5,200,29.2
0500000US13013,13013,"Barrow County, Georgia",23971,100.0,18214,76.0,12610,52.6,5604,23.4,5757,24.0,2793,11.7,2034,8.5,2964,12.4,2471,10.3,23971,100.0,4505,18.8,7393,30.8,4588,19.1,3975,16.6,2067,8.6,847,3.5,596,2.5,2.88, ( X ) ,3.28, ( X ) ,18214,100.0,10096,55.4,9026,49.6,2183,12.0,2098,11.5,4745,26.1,13658,100.0,7128,52.2,6600,48.3,1708,12.5,1672,12.2,3220,23.6,3203,100.0,2119,66.2,1720,53.7,281,8.8,317,9.9,1122,35.0
0500000US13015,13015,"Bartow County, Georgia",35782,100.0,26529,74.1,18383,51.4,8146,22.8,9253,25.9,4552,12.7,3488,9.7,4701,13.1,4010,11.2,35782,100.0,7498,21.0,11382,31.8,6500,18.2,5774,16.1,2742,7.7,1141,3.2,745,2.1,2.77, ( X ) ,3.20, ( X ) ,26529,100.0,14036,52.9,12287,46.3,2522,9.5,2504,9.4,7261,27.4,19626,100.0,9546,48.6,8680,44.2,1737,8.9,1908,9.7,5035,25.7,4818,100.0,3214,66.7,2556,53.1,503,10.4,455,9.4,1598,33.2
0500000US13017,13017,"Ben Hill County, Georgia",6794,100.0,4730,69.6,2782,40.9,1948,28.7,2064,30.4,957,14.1,809,11.9,1107,16.3,1007,14.8,6794,100.0,1816,26.7,2186,32.2,1201,17.7,900,13.2,415,6.1,166,2.4,110,1.6,2.55, ( X ) ,3.07, ( X ) ,4730,100.0,2448,51.8,2039,43.1,527,11.1,397,8.4,1115,23.6,3063,100.0,1301,42.5,1145,37.4,277,9.0,225,7.3,643,21.0,1299,100.0,925,71.2,716,55.1,202,15.6,140,10.8,374,28.8
0500000US13019,13019,"Berrien County, Georgia",7443,100.0,5254,70.6,3436,46.2,1818,24.4,2189,29.4,1086,14.6,874,11.7,1103,14.8,1004,13.5,7443,100.0,1878,25.2,2491,33.5,1251,16.8,1065,14.3,494,6.6,158,2.1,106,1.4,2.57, ( X ) ,3.05, ( X ) ,5254,100.0,2597,49.4,2264,43.1,513,9.8,437,8.3,1314,25.0,3835,100.0,1675,43.7,1504,39.2,337,8.8,319,8.3,848,22.1,1014,100.0,694,68.4,568,56.0,126,12.4,94,9.3,348,34.3
0500000US13021,13021,"Bibb County, Georgia",60295,100.0,38714,64.2,20525,34.0,18189,30.2,21581,35.8,9319,15.5,7502,12.4,12262,20.3,10742,17.8,60295,100.0,18244,30.3,18838,31.2,9937,16.5,7253,12.0,3429,5.7,1515,2.5,1079,1.8,2.48, ( X ) ,3.10, ( X ) ,38714,100.0,20124,52.0,17363,44.8,4026,10.4,3745,9.7,9592,24.8,22613,100.0,9553,42.2,8613,38.1,1926,8.5,1866,8.3,4821,21.3,13269,100.0,9086,68.5,7559,57.0,1730,13.0,1722,13.0,4107,31.0
0500000US13023,13023,"Bleckley County, Georgia",4660,100.0,3248,69.7,2121,45.5,1127,24.2,1412,30.3,632,13.6,522,11.2,780,16.7,712,15.3,4660,100.0,1234,26.5,1635,35.1,748,16.1,612,13.1,280,6.0,98,2.1,53,1.1,2.49, ( X ) ,2.99, ( X ) ,3248,100.0,1533,47.2,1345,41.4,273,8.4,283,8.7,789,24.3,2318,100.0,937,40.4,857,37.0,154,6.6,185,8.0,518,22.3,723,100.0,488,67.5,398,55.0,100,13.8,85,11.8,213,29.5
0500000US13025,13025,"Brantley County, Georgia",6885,100.0,5075,73.7,3510,51.0,1565,22.7,1810,26.3,971,14.1,778,11.3,839,12.2,746,10.8,6885,100.0,1524,22.1,2308,33.5,1244,18.1,1043,15.1,494,7.2,167,2.4,105,1.5,2.66, ( X ) ,3.08, ( X ) ,5075,100.0,2572,50.7,2196,43.3,455,9.0,438,8.6,1303,25.7,3759,100.0,1685,44.8,1487,39.6,288,7.7,326,8.7,873,23.2,909,100.0,637,70.1,497,54.7,101,11.1,86,9.5,310,34.1
0500000US13027,13027,"Brooks County, Georgia",6457,100.0,4379,67.8,2709,42.0,1670,25.9,2078,32.2,971,15.0,811,12.6,1107,17.1,968,15.0,6457,100.0,1779,27.6,2185,33.8,1050,16.3,781,12.1,382,5.9,157,2.4,123,1.9,2.52, ( X ) ,3.06, ( X ) ,4379,100.0,2007,45.8,1627,37.2,346,7.9,332,7.6,949,21.7,2980,100.0,1206,40.5,1043,35.0,238,8.0,221,7.4,584,19.6,1086,100.0,641,59.0,468,43.1,85,7.8,91,8.4,292,26.9
0500000US13029,13029,"Bryan County, Georgia",10738,100.0,8462,78.8,5829,54.3,2633,24.5,2276,21.2,1080,10.1,855,8.0,1196,11.1,1042,9.7,10738,100.0,1897,17.7,3429,31.9,2180,20.3,1970,18.3,842,7.8,283,2.6,137,1.3,2.81, ( X ) ,3.17, ( X ) ,8462,100.0,4741,56.0,4370,51.6,879,10.4,868,10.3,2623,31.0,6472,100.0,3267,50.5,3067,47.4,611,9.4,631,9.7,1825,28.2,1488,100.0,1135,76.3,1006,67.6,204,13.7,200,13.4,602,40.5
0500000US13031,13031,"Bulloch County, Georgia",25575,100.0,14789,57.8,9524,37.2,5265,20.6,10786,42.2,5420,21.2,2975,11.6,5366,21.0,3425,13.4,25575,100.0,6400,25.0,8330,32.6,4657,18.2,3937,15.4,1435,5.6,515,2.0,301,1.2,2.56, ( X ) ,3.08, ( X ) ,14789,100.0,7620,51.5,6699,45.3,1715,11.6,1364,9.2,3620,24.5,10268,100.0,4651,45.3,4268,41.6,1062,10.3,914,8.9,2292,22.3,3376,100.0,2379,70.5,1948,57.7,507,15.0,379,11.2,1062,31.5
0500000US13033,13033,"Burke County, Georgia",8533,100.0,6110,71.6,3207,37.6,2903,34.0,2423,28.4,1176,13.8,986,11.6,1247,14.6,1091,12.8,8533,100.0,2077,24.3,2625,30.8,1584,18.6,1132,13.3,650,7.6,269,3.2,196,2.3,2.70, ( X ) ,3.20, ( X ) ,6110,100.0,3281,53.7,2717,44.5,532,8.7,611,10.0,1574,25.8,3621,100.0,1561,43.1,1338,37.0,226,6.2,285,7.9,827,22.8,2057,100.0,1479,71.9,1193,58.0,256,12.4,303,14.7,634,30.8
0500000US13035,13035,"Butts County, Georgia",7881,100.0,5834,74.0,3914,49.7,1920,24.4,2047,26.0,989,12.5,806,10.2,1058,13.4,909,11.5,7881,100.0,1715,21.8,2634,33.4,1416,18.0,1144,14.5,597,7.6,217,2.8,158,2.0,2.70, ( X ) ,3.13, ( X ) ,5834,100.0,2847,48.8,2362,40.5,493,8.5,449,7.7,1420,24.3,4159,100.0,1805,43.4,1588,38.2,348,8.4,316,7.6,924,22.2,1227,100.0,789,64.3,582,47.4,105,8.6,103,8.4,374,30.5
0500000US13037,13037,"Calhoun County, Georgia",2002,100.0,1292,64.5,682,34.1,610,30.5,710,35.5,311,15.5,278,13.9,399,19.9,373,18.6,2002,100.0,651,32.5,599,29.9,299,14.9,215,10.7,123,6.1,69,3.4,46,2.3,2.49, ( X ) ,3.20, ( X ) ,1292,100.0,652,50.5,516,39.9,95,7.4,116,9.0,305,23.6,764,100.0,311,40.7,268,35.1,50,6.5,65,8.5,153,20.0,453,100.0,302,66.7,220,48.6,39,8.6,43,9.5,138,30.5
0500000US13039,13039,"Camden County, Georgia",18047,100.0,13468,74.6,9341,51.8,4127,22.9,4579,25.4,2455,13.6,1843,10.2,2124,11.8,1777,9.8,18047,100.0,3620,20.1,6114,33.9,3492,19.3,2805,15.5,1339,7.4,469,2.6,208,1.2,2.69, ( X ) ,3.09, ( X ) ,13468,100.0,7244,53.8,6615,49.1,1693,12.6,1364,10.1,3558,26.4,10076,100.0,4815,47.8,4500,44.7,1149,11.4,961,9.5,2390,23.7,2576,100.0,1907,74.0,1679,65.2,410,15.9,337,13.1,932,36.2
0500000US13043,13043,"Candler County, Georgia",4041,100.0,2793,69.1,1759,43.5,1034,25.6,1248,30.9,596,14.7,458,11.3,652,16.1,574,14.2,4041,100.0,1032,25.5,1334,33.0,671,16.6,535,13.2,254,6.3,112,2.8,103,2.5,2.65, ( X ) ,3.15, ( X ) ,2793,100.0,1394,49.9,1205,43.1,245,8.8,295,10.6,665,23.8,1945,100.0,848,43.6,769,39.5,157,8.1,193,9.9,419,21.5,635,100.0,434,68.3,346,54.5,69,10.9,92,14.5,185,29.1
0500000US13045,13045,"Carroll County, Georgia",39187,100.0,27923,71.3,18775,47.9,9148,23.3,11264,28.7,5150,13.1,3648,9.3,6114,15.6,4849,12.4,39187,100.0,8497,21.7,12611,32.2,7215,18.4,6115,15.6,2855,7.3,1114,2.8,780,2.0,2.73, ( X ) ,3.16, ( X ) ,27923,100.0,14534,52.1,12801,45.8,2822,10.1,2714,9.7,7265,26.0,20325,100.0,9517,46.8,8668,42.6,1906,9.4,1986,9.8,4776,23.5,5522,100.0,3776,68.4,3102,56.2,612,11.1,581,10.5,1909,34.6
0500000US13047,13047,"Catoosa County, Georgia",24475,100.0,17785,72.7,12655,51.7,5130,21.0,6690,27.3,2882,11.8,2302,9.4,3808,15.6,3361,13.7,24475,100.0,5663,23.1,8363,34.2,4462,18.2,3608,14.7,1510,6.2,556,2.3,313,1.3,2.59, ( X ) ,3.05, ( X ) ,17785,100.0,8766,49.3,7705,43.3,1623,9.1,1401,7.9,4681,26.3,13635,100.0,6135,45.0,5574,40.9,1154,8.5,1106,8.1,3314,24.3,3085,100.0,1977,64.1,1594,51.7,311,10.1,224,7.3,1059,34.3
0500000US13049,13049,"Charlton County, Georgia",3927,100.0,2866,73.0,1904,48.5,962,24.5,1061,27.0,534,13.6,456,11.6,527,13.4,450,11.5,3927,100.0,906,23.1,1349,34.4,672,17.1,546,13.9,266,6.8,118,3.0,70,1.8,2.64, ( X ) ,3.10, ( X ) ,2866,100.0,1361,47.5,1151,40.2,227,7.9,260,9.1,664,23.2,2061,100.0,860,41.7,750,36.4,142,6.9,174,8.4,434,21.1,597,100.0,383,64.2,310,51.9,60,10.1,69,11.6,181,30.3
0500000US13051,13051,"Chatham County, Georgia",103038(r2967),100.0,64613,62.7,37840,36.7,26773,26.0,38425,37.3,17495,17.0,12717,12.3,20930,20.3,16844,16.3,103038(r2967),100.0,29561,28.7,34797,33.8,17270,16.8,12092,11.7,5643,5.5,2202,2.1,1473,1.4,2.45, ( X ) ,3.03, ( X ) ,64613,100.0,31795,49.2,27735,42.9,7481,11.6,5748,8.9,14506,22.5,42197,100.0,17237,40.8,15701,37.2,4504,10.7,3276,7.8,7921,18.8,18010,100.0,12238,68.0,10133,56.3,2355,13.1,2204,12.2,5574,30.9
0500000US13053,13053,"Chattahoochee County, Georgia",2686,100.0,2067,77.0,1411,52.5,656,24.4,619,23.0,354,13.2,271,10.1,265,9.9,241,9.0,2686,100.0,512,19.1,696,25.9,500,18.6,529,19.7,303,11.3,86,3.2,60,2.2,2.98, ( X ) ,3.45, ( X ) ,2067,100.0,1431,69.2,1352,65.4,409,19.8,384,18.6,559,27.0,1532,100.0,997,65.1,965,63.0,302,19.7,276,18.0,387,25.3,435,100.0,368,84.6,329,75.6,89,20.5,94,21.6,146,33.6
0500000US13055,13055,"Chattooga County, Georgia",9548,100.0,6665,69.8,4422,46.3,2243,23.5,2883,30.2,1297,13.6,1105,11.6,1586,16.6,1435,15.0,9548,100.0,2540,26.6,3193,33.4,1651,17.3,1226,12.8,584,6.1,213,2.2,141,1.5,2.52, ( X ) ,3.02, ( X ) ,6665,100.0,3156,47.4,2646,39.7,562,8.4,492,7.4,1592,23.9,4809,100.0,2042,42.5,1777,37.0,368,7.7,346,7.2,1063,22.1,1332,100.0,803,60.3,626,47.0,133,10.0,113,8.5,380,28.5
0500000US13057,13057,"Cherokee County, Georgia",75936,100.0,57876,76.2,43067,56.7,14809,19.5,18060,23.8,8478,11.2,6248,8.2,9582,12.6,8051,10.6,75936,100.0,14299,18.8,24707,32.5,13940,18.4,13501,17.8,6014,7.9,2185,2.9,1290,1.7,2.80, ( X ) ,3.20, ( X ) ,57876,100.0,31046,53.6,28976,50.1,6702,11.6,5888,10.2,16386,28.3,46976,100.0,24084,51.3,22965,48.9,5554,11.8,4990,10.6,12421,26.4,7683,100.0,5058,65.8,4384,57.1,751,9.8,664,8.6,2969,38.6
0500000US13059,13059,"Clarke County, Georgia",45414,100.0,22044,48.5,12699,28.0,9345,20.6,23370,51.5,10845,23.9,6188,13.6,12525,27.6,7698,17.0,45414,100.0,13886,30.6,15500,34.1,7238,15.9,5404,11.9,2020,4.4,814,1.8,552,1.2,2.37, ( X ) ,3.00, ( X ) ,22044,100.0,10825,49.1,9709,44.0,3092,14.0,1985,9.0,4632,21.0,14226,100.0,6001,42.2,5635,39.6,1958,13.8,1225,8.6,2452,17.2,6080,100.0,3976,65.4,3388,55.7,883,14.5,654,10.8,1851,30.4
0500000US13061,13061,"Clay County, Georgia",1331,100.0,869,65.3,473,35.5,396,29.8,462,34.7,213,16.0,194,14.6,249,18.7,227,17.1,1331,100.0,421,31.6,478,35.9,199,15.0,107,8.0,77,5.8,28,2.1,21,1.6,2.35, ( X ) ,2.93, ( X ) ,869,100.0,360,41.4,268,30.8,50,5.8,62,7.1,156,18.0,499,100.0,130,26.1,100,20.0,19,3.8,26,5.2,55,11.0,304,100.0,203,66.8,152,50.0,28,9.2,30,9.9,94,30.9
0500000US13063,13063,"Clayton County, Georgia",90633,100.0,62389,68.8,31327,34.6,31062,34.3,28244,31.2,13242,14.6,10355,11.4,15002,16.6,12677,14.0,90633,100.0,23032,25.4,24235,26.7,16344,18.0,12838,14.2,7492,8.3,3649,4.0,3043,3.4,2.82, ( X ) ,3.37, ( X ) ,62389,100.0,37611,60.3,32312,51.8,7070,11.3,7491,12.0,17751,28.5,33033,100.0,17673,53.5,15823,47.9,3319,10.0,4213,12.8,8291,25.1,22958,100.0,16295,71.0,13515,58.9,2827,12.3,2727,11.9,7961,34.7
0500000US13065,13065,"Clinch County, Georgia",2572,100.0,1821,70.8,1082,42.1,739,28.7,751,29.2,366,14.2,308,12.0,385,15.0,354,13.8,2572,100.0,662,25.7,806,31.3,480,18.7,364,14.2,158,6.1,62,2.4,40,1.6,2.58, ( X ) ,3.10, ( X ) ,1821,100.0,978,53.7,797,43.8,192,10.5,170,9.3,435,23.9,1197,100.0,539,45.0,456,38.1,93,7.8,96,8.0,267,22.3,499,100.0,361,72.3,279,55.9,82,16.4,65,13.0,132,26.5
0500000US13067,13067,"Cobb County, Georgia",260056,100.0,175357,67.4,119223,45.8,56134,21.6,84699,32.6,38872,14.9,28555,11.0,45827,17.6,38050,14.6,260056,100.0,66605,25.6,81885,31.5,44854,17.2,38802,14.9,17021,6.5,6457,2.5,4432,1.7,2.61, ( X ) ,3.17, ( X ) ,175357,100.0,94389,53.8,87666,50.0,20451,11.7,16965,9.7,50250,28.7,130514,100.0,65514,50.2,62707,48.0,15479,11.9,13099,10.0,34129,26.1,33815,100.0,22832,67.5,19939,59.0,3614,10.7,3116,9.2,13209,39.1
0500000US13069,13069,"Coffee County, Georgia",14817,100.0,10630,71.7,6441,43.5,4189,28.3,4187,28.3,1951,13.2,1569,10.6,2236,15.1,2006,13.5,14817,100.0,3575,24.1,4578,30.9,2674,18.0,2168,14.6,1127,7.6,422,2.8,273,1.8,2.68, ( X ) ,3.18, ( X ) ,10630,100.0,5669,53.3,4838,45.5,1034,9.7,1056,9.9,2748,25.9,7273,100.0,3447,47.4,3077,42.3,659,9.1,724,10.0,1694,23.3,2579,100.0,1802,69.9,1413,54.8,276,10.7,269,10.4,868,33.7
0500000US13071,13071,"Colquitt County, Georgia",16317,100.0,11696,71.7,7363,45.1,4333,26.6,4621,28.3,2157,13.2,1692,10.4,2464,15.1,2216,13.6,16317,100.0,3908,24.0,5032,30.8,2816,17.3,2390,14.6,1271,7.8,529,3.2,371,2.3,2.73, ( X ) ,3.21, ( X ) ,11696,100.0,6276,53.7,5470,46.8,1258,10.8,1259,10.8,2953,25.2,7954,100.0,3798,47.7,3439,43.2,755,9.5,795,10.0,1889,23.7,2829,100.0,1958,69.2,1609,56.9,391,13.8,366,12.9,852,30.1
0500000US13073,13073,"Columbia County, Georgia",44898,100.0,34839,77.6,25267,56.3,9572,21.3,10059,22.4,4663,10.4,3647,8.1,5396,12.0,4705,10.5,44898,100.0,8352,18.6,14813,33.0,8978,20.0,7821,17.4,3301,7.4,1063,2.4,570,1.3,2.75, ( X ) ,3.13, ( X ) ,34839,100.0,18470,53.0,16999,48.8,3349,9.6,3258,9.4,10392,29.8,27400,100.0,13502,49.3,12737,46.5,2641,9.6,2603,9.5,7493,27.3,5541,100.0,3810,68.8,3268,59.0,513,9.3,506,9.1,2249,40.6
0500000US13075,13075,"Cook County, Georgia",6339,100.0,4594,72.5,2944,46.4,1650,26.0,1745,27.5,831,13.1,675,10.6,914,14.4,821,13.0,6339,100.0,1496,23.6,2003,31.6,1120,17.7,934,14.7,470,7.4,194,3.1,122,1.9,2.69, ( X ) ,3.16, ( X ) ,4594,100.0,2385,51.9,2054,44.7,462,10.1,464,10.1,1128,24.6,3155,100.0,1461,46.3,1304,41.3,270,8.6,326,10.3,708,22.4,1044,100.0,691,66.2,554,53.1,133,12.7,106,10.2,315,30.2
0500000US13077,13077,"Coweta County, Georgia",45673,100.0,34737,76.1,24838,54.4,9899,21.7,10936,23.9,5257,11.5,4034,8.8,5679,12.4,4923,10.8,45673,100.0,8957,19.6,14741,32.3,8686,19.0,7701,16.9,3501,7.7,1314,2.9,773,1.7,2.77, ( X ) ,3.18, ( X ) ,34737,100.0,18519,53.3,16742,48.2,3670,10.6,3246,9.3,9826,28.3,26723,100.0,13200,49.4,12298,46.0,2823,10.6,2529,9.5,6946,26.0,5986,100.0,4166,69.6,3465,57.9,619,10.3,584,9.8,2262,37.8
0500000US13079,13079,"Crawford County, Georgia",4822,100.0,3531,73.2,2375,49.3,1156,24.0,1291,26.8,703,14.6,571,11.8,588,12.2,500,10.4,4822,100.0,1071,22.2,1752,36.3,885,18.4,617,12.8,322,6.7,103,2.1,72,1.5,2.59, ( X ) ,3.02, ( X ) ,3531,100.0,1541,43.6,1314,37.2,249,7.1,252,7.1,813,23.0,2649,100.0,1033,39.0,914,34.5,162,6.1,175,6.6,577,21.8,640,100.0,382,59.7,294,45.9,61,9.5,60,9.4,173,27.0
0500000US13081,13081,"Crisp County, Georgia",9079,100.0,6295,69.3,3462,38.1,2833,31.2,2784,30.7,1249,13.8,1038,11.4,1535,16.9,1393,15.3,9079,100.0,2431,26.8,3003,33.1,1585,17.5,1151,12.7,550,6.1,219,2.4,140,1.5,2.53, ( X ) ,3.04, ( X ) ,6295,100.0,3079,48.9,2614,41.5,552,8.8,590,9.4,1472,23.4,3878,100.0,1474,38.0,1296,33.4,239,6.2,278,7.2,779,20.1,1936,100.0,1355,70.0,1123,58.0,260,13.4,283,14.6,580,30.0
0500000US13083,13083,"Dade County, Georgia",6291,100.0,4462,70.9,3180,50.5,1282,20.4,1829,29.1,850,13.5,702,11.2,979,15.6,876,13.9,6291,100.0,1578,25.1,2277,36.2,1076,17.1,800,12.7,371,5.9,136,2.2,53,0.8,2.49, ( X ) ,2.96, ( X ) ,4462,100.0,1955,43.8,1704,38.2,341,7.6,327,7.3,1036,23.2,3536,100.0,1409,39.8,1261,35.7,261,7.4,250,7.1,750,21.2,655,100.0,394,60.2,309,47.2,50,7.6,61,9.3,198,30.2
0500000US13085,13085,"Dawson County, Georgia",8433,100.0,6390,75.8,4689,55.6,1701,20.2,2043,24.2,1020,12.1,799,9.5,1023,12.1,860,10.2,8433,100.0,1659,19.7,3346,39.7,1402,16.6,1180,14.0,537,6.4,186,2.2,123,1.5,2.61, ( X ) ,2.97, ( X ) ,6390,100.0,2741,42.9,2454,38.4,509,8.0,463,7.2,1482,23.2,5204,100.0,2037,39.1,1862,35.8,384,7.4,390,7.5,1088,20.9,798,100.0,484,60.7,398,49.9,66,8.3,57,7.1,275,34.5
0500000US13087,13087,"Decatur County, Georgia",10390,100.0,7255,69.8,4291,41.3,2964,28.5,3135,30.2,1397,13.4,1167,11.2,1738,16.7,1572,15.1,10390,100.0,2739,26.4,3352,32.3,1803,17.4,1350,13.0,695,6.7,267,2.6,184,1.8,2.58, ( X ) ,3.10, ( X ) ,7255,100.0,3636,50.1,3074,42.4,636,8.8,576,7.9,1862,25.7,4645,100.0,1929,41.5,1713,36.9,339,7.3,325,7.0,1049,22.6,2079,100.0,1399,67.3,1115,53.6,224,10.8,223,10.7,668,32.1
0500000US13089,13089,"DeKalb County, Georgia",271809(r3013),100.0,161453,59.4,88501,32.6,72952,26.8,110356,40.6,49945,18.4,36012,13.2,60411,22.2,49314,18.1,271809(r3013),100.0,85326,31.4,81435,30.0,43450,16.0,32612,12.0,15823,5.8,7111,2.6,6052,2.2,2.50, ( X ) ,3.18, ( X ) ,161453,100.0,87230,54.0,76278,47.2,20070,12.4,15163,9.4,41045,25.4,97335,100.0,47012,48.3,43525,44.7,13094,13.5,9399,9.7,21032,21.6,49874,100.0,32933,66.0,26966,54.1,5126,10.3,4868,9.8,16972,34.0
0500000US13091,13091,"Dodge County, Georgia",8177,100.0,5528,67.6,3489,42.7,2039,24.9,2649,32.4,1290,15.8,1097,13.4,1359,16.6,1246,15.2,8177,100.0,2343,28.7,2753,33.7,1411,17.3,998,12.2,411,5.0,173,2.1,88,1.1,2.43, ( X ) ,2.96, ( X ) ,5528,100.0,2702,48.9,2308,41.8,529,9.6,429,7.8,1350,24.4,3740,100.0,1557,41.6,1403,37.5,299,8.0,299,8.0,805,21.5,1341,100.0,907,67.6,722,53.8,171,12.8,116,8.7,435,32.4
0500000US13093,13093,"Dooly County, Georgia",5286,100.0,3576,67.7,2024,38.3,1552,29.4,1710,32.3,799,15.1,682,12.9,911,17.2,841,15.9,5286,100.0,1523,28.8,1768,33.4,889,16.8,632,12.0,288,5.4,113,2.1,73,1.4,2.45, ( X ) ,2.99, ( X ) ,3576,100.0,1638,45.8,1376,38.5,268,7.5,284,7.9,824,23.0,2284,100.0,823,36.0,716,31.3,141,6.2,145,6.3,430,18.8,1007,100.0,668,66.3,544,54.0,104,10.3,119,11.8,321,31.9
0500000US13095,13095,"Dougherty County, Georgia",36508,100.0,23422,64.2,11267,30.9,12155,33.3,13086,35.8,5695,15.6,4658,12.8,7391,20.2,6383,17.5,36508,100.0,11041,30.2,11301,31.0,6271,17.2,4300,11.8,2105,5.8,891,2.4,599,1.6,2.47, ( X ) ,3.08, ( X ) ,23422,100.0,12360,52.8,10400,44.4,2494,10.6,2194,9.4,5712,24.4,12317,100.0,4955,40.2,4310,35.0,967,7.9,922,7.5,2421,19.7,9359,100.0,6491,69.4,5361,57.3,1302,13.9,1167,12.5,2892,30.9
0500000US13097,13097,"Douglas County, Georgia",46624,100.0,34429,73.8,21792,46.7,12637,27.1,12195,26.2,5776,12.4,4506,9.7,6419,13.8,5496,11.8,46624,100.0,10002,21.5,13728,29.4,8888,19.1,7599,16.3,3797,8.1,1567,3.4,1043,2.2,2.81, ( X ) ,3.27, ( X ) ,34429,100.0,19599,56.9,17486,50.8,3431,10.0,3678,10.7,10377,30.1,23749,100.0,12261,51.6,11307,47.6,2315,9.7,2632,11.1,6360,26.8,8080,100.0,5790,71.7,4879,60.4,780,9.7,828,10.2,3271,40.5
0500000US13099,13099,"Early County, Georgia",4228,100.0,2924,69.2,1677,39.7,1247,29.5,1304,30.8,562,13.3,477,11.3,742,17.5,678,16.0,4228,100.0,1155,27.3,1364,32.3,712,16.8,497,11.8,313,7.4,103,2.4,84,2.0,2.56, ( X ) ,3.12, ( X ) ,2924,100.0,1460,49.9,1182,40.4,205,7.0,265,9.1,712,24.4,1795,100.0,714,39.8,622,34.7,105,5.8,128,7.1,389,21.7,901,100.0,617,68.5,460,51.1,79,8.8,121,13.4,260,28.9
0500000US13101,13101,"Echols County, Georgia",1329,100.0,1029,77.4,675,50.8,354,26.6,300,22.6,157,11.8,106,8.0,143,10.8,116,8.7,1329,100.0,222,16.7,430,32.4,227,17.1,196,14.7,154,11.6,44,3.3,56,4.2,3.04, ( X ) ,3.33, ( X ) ,1029,100.0,562,54.6,480,46.6,111,10.8,112,10.9,257,25.0,741,100.0,368,49.7,330,44.5,75,10.1,87,11.7,168,22.7,186,100.0,127,68.3,97,52.2,20,10.8,17,9.1,60,32.3
0500000US13103,13103,"Effingham County, Georgia",18092,100.0,14139,78.2,9952,55.0,4187,23.1,3953,21.8,2102,11.6,1579,8.7,1851,10.2,1548,8.6,18092,100.0,3127,17.3,5791,32.0,3555,19.6,3211,17.7,1521,8.4,588,3.3,299,1.7,2.85, ( X ) ,3.22, ( X ) ,14139,100.0,7802,55.2,7090,50.1,1291,9.1,1525,10.8,4274,30.2,10872,100.0,5601,51.5,5177,47.6,959,8.8,1191,11.0,3027,27.8,2303,100.0,1615,70.1,1395,60.6,216,9.4,262,11.4,917,39.8
0500000US13105,13105,"Elbert County, Georgia",8063,100.0,5604,69.5,3582,44.4,2022,25.1,2459,30.5,1118,13.9,948,11.8,1341,16.6,1217,15.1,8063,100.0,2165,26.9,2840,35.2,1334,16.5,978,12.1,458,5.7,190,2.4,98,1.2,2.47, ( X ) ,2.98, ( X ) ,5604,100.0,2553,45.6,2157,38.5,471,8.4,464,8.3,1222,21.8,3864,100.0,1496,38.7,1315,34.0,250,6.5,315,8.2,750,19.4,1334,100.0,836,62.7,667,50.0,172,12.9,126,9.4,369,27.7
0500000US13107,13107,"Emanuel County, Georgia",8430,100.0,5833,69.2,3445,40.9,2388,28.3,2597,30.8,1182,14.0,975,11.6,1415,16.8,1260,14.9,8430,100.0,2235,26.5,2700,32.0,1397,16.6,1211,14.4,530,6.3,227,2.7,130,1.5,2.57, ( X ) ,3.10, ( X ) ,5833,100.0,2983,51.1,2501,42.9,549,9.4,553,9.5,1399,24.0,3785,100.0,1602,42.3,1416,37.4,290,7.7,325,8.6,801,21.2,1610,100.0,1139,70.7,887,55.1,208,12.9,196,12.2,483,30.0
0500000US13109,13109,"Evans County, Georgia",4033,100.0,2805,69.6,1755,43.5,1050,26.0,1228,30.4,560,13.9,443,11.0,668,16.6,603,15.0,4033,100.0,1046,25.9,1290,32.0,674,16.7,531,13.2,279,6.9,125,3.1,88,2.2,2.63, ( X ) ,3.16, ( X ) ,2805,100.0,1437,51.2,1245,44.4,314,11.2,292,10.4,639,22.8,1876,100.0,842,44.9,792,42.2,193,10.3,190,10.1,409,21.8,701,100.0,465,66.3,352,50.2,96,13.7,78,11.1,178,25.4
0500000US13111,13111,"Fannin County, Georgia",10187,100.0,7016,68.9,5215,51.2,1801,17.7,3171,31.1,1472,14.4,1230,12.1,1699,16.7,1532,15.0,10187,100.0,2762,27.1,4244,41.7,1526,15.0,967,9.5,464,4.6,139,1.4,85,0.8,2.31, ( X ) ,2.77, ( X ) ,7016,100.0,2522,35.9,2238,31.9,443,6.3,431,6.1,1364,19.4,5624,100.0,1740,30.9,1586,28.2,317,5.6,326,5.8,943,16.8,972,100.0,559,57.5,459,47.2,84,8.6,82,8.4,293,30.1
0500000US13113,13113,"Fayette County, Georgia",38167,100.0,30288,79.4,23256,60.9,7032,18.4,7879,20.6,3219,8.4,2661,7.0,4660,12.2,4250,11.1,38167,100.0,6911,18.1,13028,34.1,7018,18.4,6667,17.5,2891,7.6,1096,2.9,556,1.5,2.78, ( X ) ,3.15, ( X ) ,30288,100.0,14955,49.4,13852,45.7,1647,5.4,2258,7.5,9947,32.8,25081,100.0,11560,46.1,10944,43.6,1326,5.3,1971,7.9,7647,30.5,3933,100.0,2644,67.2,2270,57.7,213,5.4,221,5.6,1836,46.7
0500000US13115,13115,"Floyd County, Georgia",35930,100.0,24916,69.3,16612,46.2,8304,23.1,11014,30.7,4912,13.7,3933,10.9,6102,17.0,5417,15.1,35930,100.0,9350,26.0,11829,32.9,6090,16.9,4816,13.4,2251,6.3,936,2.6,658,1.8,2.58, ( X ) ,3.09, ( X ) ,24916,100.0,12182,48.9,10648,42.7,2335,9.4,2241,9.0,6072,24.4,17746,100.0,7650,43.1,6930,39.1,1445,8.1,1547,8.7,3938,22.2,5313,100.0,3497,65.8,2864,53.9,635,12.0,570,10.7,1659,31.2
0500000US13117,13117,"Forsyth County, Georgia",59433,100.0,47623,80.1,37084,62.4,10539,17.7,11810,19.9,5408,9.1,3984,6.7,6402,10.8,5443,9.2,59433,100.0,9427,15.9,18317,30.8,10827,18.2,12711,21.4,5377,9.0,1788,3.0,986,1.7,2.94, ( X ) ,3.29, ( X ) ,47623,100.0,27616,58.0,26390,55.4,5805,12.2,5616,11.8,14969,31.4,40711,100.0,23065,56.7,22388,55.0,5161,12.7,5096,12.5,12131,29.8,4774,100.0,3252,68.1,2865,60.0,405,8.5,372,7.8,2088,43.7
0500000US13119,13119,"Franklin County, Georgia",8540,100.0,5979,70.0,4249,49.8,1730,20.3,2561,30.0,1175,13.8,981,11.5,1386,16.2,1258,14.7,8540,100.0,2239,26.2,2947,34.5,1441,16.9,1085,12.7,528,6.2,189,2.2,111,1.3,2.51, ( X ) ,3.00, ( X ) ,5979,100.0,2682,44.9,2305,38.6,503,8.4,447,7.5,1355,22.7,4576,100.0,1853,40.5,1631,35.6,325,7.1,341,7.5,965,21.1,953,100.0,600,63.0,468,49.1,116,12.2,83,8.7,269,28.2
0500000US13121,13121,"Fulton County, Georgia",376377(r3158),100.0,209215,55.6,122245,32.5,86970,23.1,167162,44.4,80127,21.3,60206,16.0,87035,23.1,73101,19.4,376377(r3158),100.0,133307,35.4,110255,29.3,54793,14.6,44373,11.8,19954,5.3,7798,2.1,5897,1.6,2.36, ( X ) ,3.15, ( X ) ,209215,100.0,114942,54.9,104203,49.8,25686,12.3,20660,9.9,57857,27.7,134308,100.0,66665,49.6,63732,47.5,16884,12.6,13095,9.7,33753,25.1,59138,100.0,40241,68.0,33786,57.1,6909,11.7,6557,11.1,20320,34.4
0500000US13123,13123,"Gilmer County, Georgia",11314,100.0,8000,70.7,5976,52.8,2024,17.9,3314,29.3,1631,14.4,1315,11.6,1683,14.9,1457,12.9,11314,100.0,2772,24.5,4544,40.2,1650,14.6,1320,11.7,596,5.3,240,2.1,192,1.7,2.48, ( X ) ,2.92, ( X ) ,8000,100.0,3255,40.7,2892,36.2,616,7.7,586,7.3,1690,21.1,6474,100.0,2323,35.9,2129,32.9,458,7.1,470,7.3,1201,18.6,1011,100.0,634,62.7,525,51.9,112,11.1,80,7.9,333,32.9
0500000US13125,13125,"Glascock County, Georgia",1162,100.0,804,69.2,546,47.0,258,22.2,358,30.8,190,16.4,160,13.8,168,14.5,149,12.8,1162,100.0,309,26.6,362,31.2,200,17.2,163,14.0,86,7.4,30,2.6,12,1.0,2.58, ( X ) ,3.14, ( X ) ,804,100.0,426,53.0,377,46.9,61,7.6,78,9.7,238,29.6,603,100.0,292,48.4,269,44.6,48,8.0,59,9.8,162,26.9,156,100.0,107,68.6,87,55.8,9,5.8,18,11.5,60,38.5
0500000US13127,13127,"Glynn County, Georgia",31774,100.0,21259,66.9,13477,42.4,7782,24.5,10515,33.1,4584,14.4,3571,11.2,5931,18.7,5180,16.3,31774,100.0,8751,27.5,11157,35.1,5084,16.0,3909,12.3,1778,5.6,678,2.1,417,1.3,2.46, ( X ) ,2.98, ( X ) ,21259,100.0,10181,47.9,8818,41.5,2018,9.5,1716,8.1,5084,23.9,14736,100.0,5853,39.7,5295,35.9,1151,7.8,1106,7.5,3038,20.6,5137,100.0,3547,69.0,2892,56.3,680,13.2,532,10.4,1680,32.7
0500000US13129,13129,"Gordon County, Georgia",19715,100.0,14653,74.3,10338,52.4,4315,21.9,5062,25.7,2411,12.2,1893,9.6,2651,13.4,2369,12.0,19715,100.0,4262,21.6,6198,31.4,3572,18.1,3126,15.9,1497,7.6,633,3.2,427,2.2,2.77, ( X ) ,3.20, ( X ) ,14653,100.0,7625,52.0,6664,45.5,1441,9.8,1420,9.7,3803,26.0,11005,100.0,5268,47.9,4763,43.3,1038,9.4,1071,9.7,2654,24.1,2539,100.0,1680,66.2,1335,52.6,253,10.0,244,9.6,838,33.0
0500000US13131,13131,"Grady County, Georgia",9418,100.0,6730,71.5,4302,45.7,2428,25.8,2688,28.5,1213,12.9,957,10.2,1475,15.7,1332,14.1,9418,100.0,2289,24.3,3149,33.4,1608,17.1,1279,13.6,617,6.6,285,3.0,191,2.0,2.63, ( X ) ,3.10, ( X ) ,6730,100.0,3342,49.7,2866,42.6,644,9.6,613,9.1,1609,23.9,4674,100.0,1998,42.7,1784,38.2,384,8.2,384,8.2,1016,21.7,1571,100.0,1060,67.5,859,54.7,198,12.6,184,11.7,477,30.4
0500000US13133,13133,"Greene County, Georgia",6519,100.0,4677,71.7,3071,47.1,1606,24.6,1842,28.3,904,13.9,774,11.9,938,14.4,854,13.1,6519,100.0,1628,25.0,2727,41.8,909,13.9,677,10.4,339,5.2,144,2.2,95,1.5,2.43, ( X ) ,2.85, ( X ) ,4677,100.0,1726,36.9,1419,30.3,284,6.1,309,6.6,826,17.7,3353,100.0,931,27.8,818,24.4,163,4.9,181,5.4,474,14.1,1033,100.0,660,63.9,500,48.4,101,9.8,119,11.5,280,27.1
0500000US13135,13135,"Gwinnett County, Georgia",268519,100.0,203238,75.7,137358,51.2,65880,24.5,65281,24.3,30700,11.4,22438,8.4,34581,12.9,28805,10.7,268519,100.0,51243,19.1,74371,27.7,50319,18.7,48782,18.2,24946,9.3,10799,4.0,8059,3.0,2.98, ( X ) ,3.40, ( X ) ,203238,100.0,121209,59.6,112352,55.3,23475,11.6,24196,11.9,64681,31.8,150800,100.0,85598,56.8,81571,54.1,17518,11.6,18993,12.6,45060,29.9,38218,100.0,27163,71.1,23806,62.3,4078,10.7,3971,10.4,15757,41.2
0500000US13137,13137,"Habersham County, Georgia",15472,100.0,11307,73.1,8305,53.7,3002,19.4,4165,26.9,1813,11.7,1505,9.7,2352,15.2,2082,13.5,15472,100.0,3587,23.2,5547,35.9,2512,16.2,2037,13.2,1034,6.7,465,3.0,290,1.9,2.63, ( X ) ,3.08, ( X ) ,11307,100.0,5248,46.4,4657,41.2,1041,9.2,1077,9.5,2539,22.5,8940,100.0,3756,42.0,3446,38.5,764,8.5,847,9.5,1835,20.5,1617,100.0,1028,63.6,827,51.1,168,10.4,156,9.6,503,31.1
0500000US13139,13139,"Hall County, Georgia",60691,100.0,45275,74.6,32356,53.3,12919,21.3,15416,25.4,7256,12.0,5369,8.8,8160,13.4,6966,11.5,60691,100.0,12335,20.3,19144,31.5,10239,16.9,9257,15.3,5101,8.4,2369,3.9,2246,3.7,2.91, ( X ) ,3.35, ( X ) ,45275,100.0,24113,53.3,21650,47.8,4690,10.4,5303,11.7,11657,25.7,34380,100.0,16909,49.2,15705,45.7,3393,9.9,4028,11.7,8284,24.1,7511,100.0,5066,67.4,4195,55.9,853,11.4,880,11.7,2462,32.8
0500000US13141,13141,"Hancock County, Georgia",3341,100.0,2183,65.3,1142,34.2,1041,31.2,1158,34.7,580,17.4,515,15.4,578,17.3,532,15.9,3341,100.0,1047,31.3,1121,33.6,548,16.4,319,9.5,180,5.4,77,2.3,49,1.5,2.38, ( X ) ,2.98, ( X ) ,2183,100.0,928,42.5,736,33.7,120,5.5,133,6.1,483,22.1,1229,100.0,380,30.9,314,25.5,36,2.9,54,4.4,224,18.2,792,100.0,473,59.7,361,45.6,71,9.0,67,8.5,223,28.2
0500000US13143,13143,"Haralson County, Georgia",10757,100.0,7820,72.7,5364,49.9,2456,22.8,2937,27.3,1370,12.7,1116,10.4,1567,14.6,1379,12.8,10757,100.0,2495,23.2,3574,33.2,1906,17.7,1610,15.0,706,6.6,294,2.7,172,1.6,2.64, ( X ) ,3.09, ( X ) ,7820,100.0,3863,49.4,3322,42.5,666,8.5,648,8.3,2008,25.7,5785,100.0,2585,44.7,2301,39.8,445,7.7,486,8.4,1370,23.7,1435,100.0,910,63.4,722,50.3,143,10.0,120,8.4,459,32.0
0500000US13145,13145,"Harris County, Georgia",11823,100.0,9268,78.4,6869,58.1,2399,20.3,2555,21.6,1255,10.6,1037,8.8,1300,11.0,1150,9.7,11823,100.0,2187,18.5,4379,37.0,2161,18.3,1923,16.3,789,6.7,256,2.2,128,1.1,2.67, ( X ) ,3.04, ( X ) ,9268,100.0,4183,45.1,3683,39.7,605,6.5,684,7.4,2394,25.8,7568,100.0,3237,42.8,2939,38.8,494,6.5,585,7.7,1860,24.6,1219,100.0,695,57.0,543,44.5,76,6.2,77,6.3,390,32.0
0500000US13147,13147,"Hart County, Georgia",10121,100.0,6998,69.1,4895,48.4,2103,20.8,3123,30.9,1435,14.2,1235,12.2,1688,16.7,1542,15.2,10121,100.0,2777,27.4,3664,36.2,1577,15.6,1257,12.4,548,5.4,196,1.9,102,1.0,2.43, ( X ) ,2.94, ( X ) ,6998,100.0,3070,43.9,2603,37.2,571,8.2,513,7.3,1519,21.7,5169,100.0,1935,37.4,1714,33.2,370,7.2,361,7.0,983,19.0,1373,100.0,896,65.3,691,50.3,138,10.1,124,9.0,429,31.2
0500000US13149,13149,"Heard County, Georgia",4400,100.0,3157,71.8,2172,49.4,985,22.4,1243,28.3,654,14.9,527,12.0,589,13.4,518,11.8,4400,100.0,1045,23.8,1453,33.0,757,17.2,630,14.3,284,6.5,147,3.3,84,1.9,2.66, ( X ) ,3.14, ( X ) ,3157,100.0,1558,49.4,1310,41.5,229,7.3,274,8.7,807,25.6,2312,100.0,1014,43.9,877,37.9,151,6.5,186,8.0,540,23.4,599,100.0,394,65.8,305,50.9,46,7.7,63,10.5,196,32.7
0500000US13151,13151,"Henry County, Georgia",70255,100.0,54445,77.5,35772,50.9,18673,26.6,15810,22.5,7312,10.4,5726,8.2,8498,12.1,7275,10.4,70255,100.0,13001,18.5,20847,29.7,13693,19.5,12740,18.1,6048,8.6,2522,3.6,1404,2.0,2.89, ( X ) ,3.29, ( X ) ,54445,100.0,31714,58.2,28591,52.5,4969,9.1,5720,10.5,17902,32.9,39275,100.0,21016,53.5,19508,49.7,3497,8.9,4303,11.0,11708,29.8,11544,100.0,8390,72.7,7132,61.8,1024,8.9,1109,9.6,4999,43.3
0500000US13153,13153,"Houston County, Georgia",53051,100.0,37874,71.4,25009,47.1,12865,24.3,15177,28.6,7457,14.1,5995,11.3,7720,14.6,6749,12.7,53051,100.0,12744,24.0,17154,32.3,9855,18.6,7864,14.8,3507,6.6,1244,2.3,683,1.3,2.61, ( X ) ,3.09, ( X ) ,37874,100.0,20261,53.5,18289,48.3,4084,10.8,3556,9.4,10649,28.1,26691,100.0,12582,47.1,11759,44.1,2624,9.8,2427,9.1,6708,25.1,8617,100.0,6112,70.9,5206,60.4,1112,12.9,948,11.0,3146,36.5
0500000US13155,13155,"Irwin County, Georgia",3495,100.0,2475,70.8,1534,43.9,941,26.9,1020,29.2,467,13.4,386,11.0,553,15.8,515,14.7,3495,100.0,901,25.8,1179,33.7,590,16.9,488,14.0,208,6.0,83,2.4,46,1.3,2.54, ( X ) ,3.05, ( X ) ,2475,100.0,1223,49.4,1051,42.5,223,9.0,223,9.0,605,24.4,1714,100.0,727,42.4,650,37.9,132,7.7,148,8.6,370,21.6,595,100.0,394,66.2,319,53.6,74,12.4,63,10.6,182,30.6
0500000US13157,13157,"Jackson County, Georgia",21343,100.0,16479,77.2,11942,56.0,4537,21.3,4864,22.8,2352,11.0,1816,8.5,2512,11.8,2178,10.2,21343,100.0,3994,18.7,7119,33.4,3978,18.6,3548,16.6,1590,7.4,696,3.3,418,2.0,2.80, ( X ) ,3.18, ( X ) ,16479,100.0,8460,51.3,7556,45.9,1704,10.3,1603,9.7,4249,25.8,12988,100.0,6287,48.4,5798,44.6,1339,10.3,1303,10.0,3156,24.3,2404,100.0,1545,64.3,1242,51.7,228,9.5,223,9.3,791,32.9
0500000US13159,13159,"Jasper County, Georgia",5044,100.0,3778,74.9,2590,51.3,1188,23.6,1266,25.1,656,13.0,523,10.4,610,12.1,527,10.4,5044,100.0,1050,20.8,1728,34.3,900,17.8,731,14.5,364,7.2,153,3.0,118,2.3,2.74, ( X ) ,3.15, ( X ) ,3778,100.0,1804,47.8,1509,39.9,321,8.5,326,8.6,862,22.8,2810,100.0,1224,43.6,1075,38.3,222,7.9,237,8.4,616,21.9,696,100.0,440,63.2,320,46.0,64,9.2,72,10.3,184,26.4
0500000US13161,13161,"Jeff Davis County, Georgia",5689,100.0,4079,71.7,2647,46.5,1432,25.2,1610,28.3,789,13.9,620,10.9,821,14.4,755,13.3,5689,100.0,1375,24.2,1851,32.5,994,17.5,827,14.5,410,7.2,152,2.7,80,1.4,2.63, ( X ) ,3.10, ( X ) ,4079,100.0,2137,52.4,1843,45.2,425,10.4,405,9.9,1013,24.8,2866,100.0,1311,45.7,1176,41.0,254,8.9,270,9.4,652,22.7,889,100.0,623,70.1,489,55.0,121,13.6,109,12.3,259,29.1
0500000US13163,13163,"Jefferson County, Georgia",6241,100.0,4407,70.6,2341,37.5,2066,33.1,1834,29.4,846,13.6,733,11.7,988,15.8,887,14.2,6241,100.0,1620,26.0,1938,31.1,1126,18.0,814,13.0,441,7.1,166,2.7,136,2.2,2.63, ( X ) ,3.16, ( X ) ,4407,100.0,2229,50.6,1782,40.4,362,8.2,380,8.6,1040,23.6,2612,100.0,1089,41.7,939,35.9,168,6.4,202,7.7,569,21.8,1463,100.0,976,66.7,727,49.7,154,10.5,163,11.1,410,28.0
0500000US13165,13165,"Jenkins County, Georgia",3192,100.0,2164,67.8,1185,37.1,979,30.7,1028,32.2,459,14.4,398,12.5,569,17.8,518,16.2,3192,100.0,916,28.7,970,30.4,533,16.7,377,11.8,223,7.0,105,3.3,68,2.1,2.59, ( X ) ,3.16, ( X ) ,2164,100.0,1095,50.6,909,42.0,188,8.7,200,9.2,521,24.1,1345,100.0,579,43.0,505,37.5,111,8.3,113,8.4,281,20.9,648,100.0,422,65.1,325,50.2,61,9.4,79,12.2,185,28.5
0500000US13167,13167,"Johnson County, Georgia",3347,100.0,2271,67.9,1347,40.2,924,27.6,1076,32.1,510,15.2,461,13.8,566,16.9,513,15.3,3347,100.0,974,29.1,1086,32.4,583,17.4,399,11.9,184,5.5,71,2.1,50,1.5,2.46, ( X ) ,3.03, ( X ) ,2271,100.0,1077,47.4,889,39.1,179,7.9,203,8.9,507,22.3,1480,100.0,591,39.9,519,35.1,114,7.7,106,7.2,299,20.2,613,100.0,398,64.9,302,49.3,52,8.5,83,13.5,167,27.2
0500000US13169,13169,"Jones County, Georgia",10586,100.0,7973,75.3,5281,49.9,2692,25.4,2613,24.7,1218,11.5,1026,9.7,1395,13.2,1242,11.7,10586,100.0,2268,21.4,3473,32.8,2035,19.2,1684,15.9,716,6.8,268,2.5,142,1.3,2.68, ( X ) ,3.10, ( X ) ,7973,100.0,4059,50.9,3542,44.4,697,8.7,712,8.9,2133,26.8,5897,100.0,2749,46.6,2503,42.4,521,8.8,528,9.0,1454,24.7,1533,100.0,992,64.7,782,51.0,119,7.8,150,9.8,513,33.5
0500000US13171,13171,"Lamar County, Georgia",6618,100.0,4617,69.8,2974,44.9,1643,24.8,2001,30.2,962,14.5,794,12.0,1039,15.7,897,13.6,6618,100.0,1691,25.6,2241,33.9,1150,17.4,886,13.4,398,6.0,147,2.2,105,1.6,2.55, ( X ) ,3.04, ( X ) ,4617,100.0,2078,45.0,1693,36.7,364,7.9,325,7.0,1004,21.7,3240,100.0,1256,38.8,1062,32.8,218,6.7,221,6.8,623,19.2,1037,100.0,642,61.9,493,47.5,118,11.4,86,8.3,289,27.9
0500000US13173,13173,"Lanier County, Georgia",3608,100.0,2626,72.8,1683,46.6,943,26.1,982,27.2,523,14.5,410,11.4,459,12.7,396,11.0,3608,100.0,806,22.3,1150,31.9,672,18.6,530,14.7,264,7.3,117,3.2,69,1.9,2.72, ( X ) ,3.18, ( X ) ,2626,100.0,1436,54.7,1219,46.4,340,12.9,259,9.9,620,23.6,1876,100.0,927,49.4,815,43.4,230,12.3,186,9.9,399,21.3,563,100.0,405,71.9,323,57.4,78,13.9,63,11.2,182,32.3
0500000US13175,13175,"Laurens County, Georgia",18641,100.0,13060,70.1,8110,43.5,4950,26.6,5581,29.9,2535,13.6,2124,11.4,3046,16.3,2756,14.8,18641,100.0,4880,26.2,6109,32.8,3267,17.5,2566,13.8,1150,6.2,415,2.2,254,1.4,2.54, ( X ) ,3.05, ( X ) ,13060,100.0,6550,50.2,5736,43.9,1228,9.4,1253,9.6,3255,24.9,8719,100.0,3681,42.2,3375,38.7,689,7.9,758,8.7,1928,22.1,3431,100.0,2334,68.0,1913,55.8,410,11.9,423,12.3,1080,31.5
0500000US13177,13177,"Lee County, Georgia",9706,100.0,7740,79.7,5477,56.4,2263,23.3,1966,20.3,935,9.6,700,7.2,1031,10.6,890,9.2,9706,100.0,1590,16.4,3193,32.9,1939,20.0,1836,18.9,762,7.9,279,2.9,107,1.1,2.83, ( X ) ,3.17, ( X ) ,7740,100.0,4264,55.1,3897,50.3,672,8.7,812,10.5,2413,31.2,6025,100.0,3041,50.5,2838,47.1,502,8.3,624,10.4,1712,28.4,1323,100.0,980,74.1,850,64.2,124,9.4,163,12.3,563,42.6
0500000US13179,13179,"Liberty County, Georgia",22155,100.0,16566,74.8,9583,43.3,6983,31.5,5589,25.2,2745,12.4,2142,9.7,2844,12.8,2447,11.0,22155,100.0,4589,20.7,6819,30.8,4639,20.9,3385,15.3,1729,7.8,664,3.0,330,1.5,2.75, ( X ) ,3.18, ( X ) ,16566,100.0,10031,60.6,9132,55.1,2721,16.4,1970,11.9,4441,26.8,10858,100.0,5603,51.6,5171,47.6,1562,14.4,1123,10.3,2486,22.9,4760,100.0,3841,80.7,3444,72.4,1001,21.0,758,15.9,1685,35.4
0500000US13181,13181,"Lincoln County, Georgia",3281,100.0,2252,68.6,1495,45.6,757,23.1,1029,31.4,517,15.8,442,13.5,512,15.6,463,14.1,3281,100.0,905,27.6,1201,36.6,522,15.9,374,11.4,171,5.2,72,2.2,36,1.1,2.42, ( X ) ,2.94, ( X ) ,2252,100.0,923,41.0,755,33.5,129,5.7,152,6.7,474,21.0,1649,100.0,564,34.2,494,30.0,83,5.0,106,6.4,305,18.5,465,100.0,287,61.7,205,44.1,34,7.3,41,8.8,130,28.0
0500000US13183,13183,"Long County, Georgia",5023,100.0,3654,72.7,2165,43.1,1489,29.6,1369,27.3,788,15.7,629,12.5,581,11.6,495,9.9,5023,100.0,1124,22.4,1458,29.0,950,18.9,743,14.8,436,8.7,190,3.8,122,2.4,2.81, ( X ) ,3.28, ( X ) ,3654,100.0,2186,59.8,1953,53.4,481,13.2,489,13.4,983,26.9,2453,100.0,1280,52.2,1169,47.7,279,11.4,327,13.3,563,23.0,908,100.0,709,78.1,615,67.7,150,16.5,135,14.9,330,36.3
0500000US13185,13185,"Lowndes County, Georgia",39747,100.0,26191,65.9,16349,41.1,9842,24.8,13556,34.1,6422,16.2,4345,10.9,7134,17.9,5408,13.6,39747,100.0,9753,24.5,12922,32.5,7479,18.8,5592,14.1,2517,6.3,943,2.4,541,1.4,2.59, ( X ) ,3.10, ( X ) ,26191,100.0,13981,53.4,12410,47.4,3244,12.4,2602,9.9,6564,25.1,17659,100.0,8274,46.9,7648,43.3,2019,11.4,1625,9.2,4004,22.7,6721,100.0,4690,69.8,3919,58.3,954,14.2,838,12.5,2127,31.6
0500000US13187,13187,"Lumpkin County, Georgia",10989,100.0,7645,69.6,5557,50.6,2088,19.0,3344,30.4,1561,14.2,1110,10.1,1783,16.2,1328,12.1,10989,100.0,2438,22.2,4080,37.1,1959,17.8,1474,13.4,660,6.0,240,2.2,138,1.3,2.56, ( X ) ,3.00, ( X ) ,7645,100.0,3343,43.7,2974,38.9,699,9.1,618,8.1,1657,21.7,6082,100.0,2433,40.0,2230,36.7,548,9.0,489,8.0,1193,19.6,1057,100.0,640,60.5,530,50.1,102,9.6,94,8.9,334,31.6
0500000US13189,13189,"McDuffie County, Georgia",8289,100.0,5964,72.0,3419,41.2,2545,30.7,2325,28.0,1014,12.2,826,10.0,1311,15.8,1179,14.2,8289,100.0,2005,24.2,2780,33.5,1494,18.0,1142,13.8,507,6.1,227,2.7,134,1.6,2.60, ( X ) ,3.07, ( X ) ,5964,100.0,3002,50.3,2530,42.4,500,8.4,572,9.6,1458,24.4,3728,100.0,1527,41.0,1336,35.8,235,6.3,305,8.2,796,21.4,1771,100.0,1221,68.9,998,56.4,211,11.9,233,13.2,554,31.3
0500000US13191,13191,"McIntosh County, Georgia",5971,100.0,4010,67.2,2494,41.8,1516,25.4,1961,32.8,988,16.5,827,13.9,973,16.3,867,14.5,5971,100.0,1694,28.4,2233,37.4,883,14.8,654,11.0,325,5.4,111,1.9,71,1.2,2.39, ( X ) ,2.91, ( X ) ,4010,100.0,1659,41.4,1316,32.8,259,6.5,234,5.8,823,20.5,2837,100.0,953,33.6,788,27.8,136,4.8,155,5.5,497,17.5,880,100.0,554,63.0,412,46.8,93,10.6,54,6.1,265,30.1
0500000US13193,13193,"Macon County, Georgia",4999,100.0,3363,67.3,1822,36.4,1541,30.8,1636,32.7,771,15.4,672,13.4,865,17.3,788,15.8,4999,100.0,1460,29.2,1574,31.5,777,15.5,588,11.8,346,6.9,125,2.5,129,2.6,2.56, ( X ) ,3.15, ( X ) ,3363,100.0,1624,48.3,1314,39.1,255,7.6,265,7.9,794,23.6,1875,100.0,738,39.4,633,33.8,122,6.5,128,6.8,383,20.4,1200,100.0,745,62.1,571,47.6,110,9.2,118,9.8,343,28.6
0500000US13195,13195,"Madison County, Georgia",10508,100.0,7804,74.3,5503,52.4,2301,21.9,2704,25.7,1294,12.3,1044,9.9,1410,13.4,1219,11.6,10508,100.0,2263,21.5,3680,35.0,1911,18.2,1509,14.4,682,6.5,275,2.6,188,1.8,2.66, ( X ) ,3.07, ( X ) ,7804,100.0,3667,47.0,3207,41.1,646,8.3,607,7.8,1954,25.0,5974,100.0,2561,42.9,2308,38.6,479,8.0,460,7.7,1369,22.9,1273,100.0,773,60.7,609,47.8,102,8.0,101,7.9,406,31.9
0500000US13197,13197,"Marion County, Georgia",3420,100.0,2378,69.5,1474,43.1,904,26.4,1042,30.5,553,16.2,482,14.1,489,14.3,438,12.8,3420,100.0,920,26.9,1119,32.7,609,17.8,434,12.7,202,5.9,85,2.5,51,1.5,2.53, ( X ) ,3.05, ( X ) ,2378,100.0,1144,48.1,927,39.0,190,8.0,168,7.1,569,23.9,1631,100.0,678,41.6,579,35.5,123,7.5,105,6.4,351,21.5,564,100.0,373,66.1,285,50.5,50,8.9,56,9.9,179,31.7
0500000US13199,13199,"Meriwether County, Georgia",8522,100.0,5906,69.3,3562,41.8,2344,27.5,2616,30.7,1267,14.9,1063,12.5,1349,15.8,1218,14.3,8522,100.0,2281,26.8,2879,33.8,1367,16.0,1078,12.6,527,6.2,226,2.7,164,1.9,2.55, ( X ) ,3.09, ( X ) ,5906,100.0,2692,45.6,2145,36.3,481,8.1,416,7.0,1248,21.1,3846,100.0,1492,38.8,1257,32.7,285,7.4,253,6.6,719,18.7,1591,100.0,978,61.5,714,44.9,151,9.5,143,9.0,420,26.4
0500000US13201,13201,"Miller County, Georgia",2426,100.0,1674,69.0,1099,45.3,575,23.7,752,31.0,319,13.1,268,11.0,433,17.8,395,16.3,2426,100.0,663,27.3,861,35.5,399,16.4,288,11.9,120,4.9,67,2.8,28,1.2,2.46, ( X ) ,3.00, ( X ) ,1674,100.0,778,46.5,656,39.2,155,9.3,125,7.5,376,22.5,1190,100.0,472,39.7,420,35.3,97,8.2,82,6.9,241,20.3,378,100.0,251,66.4,189,50.0,49,13.0,36,9.5,104,27.5
0500000US13205,13205,"Mitchell County, Georgia",8055,100.0,5761,71.5,3107,38.6,2654,32.9,2294,28.5,1032,12.8,867,10.8,1262,15.7,1143,14.2,8055,100.0,2010,25.0,2554,31.7,1408,17.5,1097,13.6,581,7.2,239,3.0,166,2.1,2.65, ( X ) ,3.15, ( X ) ,5761,100.0,2942,51.1,2393,41.5,465,8.1,570,9.9,1358,23.6,3464,100.0,1480,42.7,1294,37.4,230,6.6,308,8.9,756,21.8,1867,100.0,1237,66.3,941,50.4,198,10.6,237,12.7,506,27.1
0500000US13207,13207,"Monroe County, Georgia",9662,100.0,7157,74.1,4920,50.9,2237,23.2,2505,25.9,1245,12.9,1021,10.6,1260,13.0,1094,11.3,9662,100.0,2115,21.9,3461,35.8,1778,18.4,1340,13.9,582,6.0,243,2.5,143,1.5,2.61, ( X ) ,3.03, ( X ) ,7157,100.0,3199,44.7,2722,38.0,499,7.0,504,7.0,1719,24.0,5430,100.0,2176,40.1,1931,35.6,351,6.5,366,6.7,1214,22.4,1261,100.0,794,63.0,613,48.6,112,8.9,111,8.8,390,30.9
0500000US13209,13209,"Montgomery County, Georgia",3287,100.0,2350,71.5,1567,47.7,783,23.8,937,28.5,463,14.1,375,11.4,474,14.4,442,13.4,3287,100.0,817,24.9,1117,34.0,578,17.6,448,13.6,222,6.8,59,1.8,46,1.4,2.55, ( X ) ,3.05, ( X ) ,2350,100.0,1126,47.9,941,40.0,203,8.6,197,8.4,541,23.0,1688,100.0,716,42.4,609,36.1,126,7.5,132,7.8,351,20.8,511,100.0,331,64.8,262,51.3,59,11.5,51,10.0,152,29.7
0500000US13211,13211,"Morgan County, Georgia",6660,100.0,5073,76.2,3474,52.2,1599,24.0,1587,23.8,743,11.2,625,9.4,844,12.7,755,11.3,6660,100.0,1380,20.7,2381,35.8,1162,17.4,1018,15.3,459,6.9,171,2.6,89,1.3,2.66, ( X ) ,3.06, ( X ) ,5073,100.0,2337,46.1,2013,39.7,370,7.3,395,7.8,1248,24.6,3774,100.0,1561,41.4,1421,37.7,264,7.0,292,7.7,865,22.9,980,100.0,614,62.7,459,46.8,76,7.8,82,8.4,301,30.7
0500000US13213,13213,"Murray County, Georgia",14080,100.0,10677,75.8,7422,52.7,3255,23.1,3403,24.2,1601,11.4,1232,8.8,1802,12.8,1560,11.1,14080,100.0,2792,19.8,4652,33.0,2563,18.2,2157,15.3,1103,7.8,479,3.4,334,2.4,2.80, ( X ) ,3.20, ( X ) ,10677,100.0,5529,51.8,4756,44.5,983,9.2,1021,9.6,2752,25.8,7975,100.0,3795,47.6,3387,42.5,684,8.6,792,9.9,1911,24.0,1802,100.0,1177,65.3,939,52.1,181,10.0,168,9.3,590,32.7
0500000US13215,13215,"Muscogee County, Georgia",74081,100.0,47742,64.4,26454,35.7,21288,28.7,26339,35.6,11937,16.1,9489,12.8,14402,19.4,12678,17.1,74081,100.0,22167,29.9,22783,30.8,12750,17.2,9397,12.7,4398,5.9,1586,2.1,1000,1.3,2.47, ( X ) ,3.08, ( X ) ,47742,100.0,25615,53.7,22376,46.9,5426,11.4,4674,9.8,12276,25.7,28366,100.0,12908,45.5,11725,41.3,2887,10.2,2585,9.1,6253,22.0,15750,100.0,10754,68.3,9059,57.5,2059,13.1,1872,11.9,5128,32.6
0500000US13217,13217,"Newton County, Georgia",34390,100.0,26165,76.1,16070,46.7,10095,29.4,8225,23.9,3635,10.6,2854,8.3,4590,13.3,3902,11.3,34390,100.0,6756,19.6,10568,30.7,6483,18.9,5577,16.2,2990,8.7,1211,3.5,805,2.3,2.85, ( X ) ,3.27, ( X ) ,26165,100.0,14764,56.4,12845,49.1,2504,9.6,2817,10.8,7524,28.8,17721,100.0,8947,50.5,8137,45.9,1676,9.5,1905,10.7,4556,25.7,6538,100.0,4672,71.5,3786,57.9,583,8.9,762,11.7,2441,37.3
0500000US13219,13219,"Oconee County, Georgia",11622,100.0,9346,80.4,7095,61.0,2251,19.4,2276,19.6,955,8.2,736,6.3,1321,11.4,1162,10.0,11622,100.0,1898,16.3,3873,33.3,2256,19.4,2252,19.4,953,8.2,276,2.4,114,1.0,2.81, ( X ) ,3.16, ( X ) ,9346,100.0,5017,53.7,4736,50.7,762,8.2,903,9.7,3071,32.9,7828,100.0,3999,51.1,3840,49.1,647,8.3,782,10.0,2411,30.8,1106,100.0,763,69.0,670,60.6,77,7.0,101,9.1,492,44.5
0500000US13221,13221,"Oglethorpe County, Georgia",5647,100.0,4070,72.1,2792,49.4,1278,22.6,1577,27.9,808,14.3,655,11.6,769,13.6,662,11.7,5647,100.0,1317,23.3,1954,34.6,999,17.7,830,14.7,325,5.8,113,2.0,109,1.9,2.61, ( X ) ,3.07, ( X ) ,4070,100.0,1942,47.7,1670,41.0,326,8.0,283,7.0,1061,26.1,3063,100.0,1332,43.5,1181,38.6,231,7.5,228,7.4,722,23.6,708,100.0,428,60.5,332,46.9,58,8.2,38,5.4,236,33.3
0500000US13223,13223,"Paulding County, Georgia",48105,100.0,38103,79.2,27018,56.2,11085,23.0,10002,20.8,4699,9.8,3542,7.4,5303,11.0,4424,9.2,48105,100.0,7966,16.6,14073,29.3,9631,20.0,9489,19.7,4451,9.3,1584,3.3,911,1.9,2.94, ( X ) ,3.30, ( X ) ,38103,100.0,22691,59.6,20862,54.8,4328,11.4,4517,11.9,12017,31.5,29597,100.0,16787,56.7,15848,53.5,3534,11.9,3721,12.6,8593,29.0,6173,100.0,4419,71.6,3740,60.6,512,8.3,612,9.9,2616,42.4
0500000US13225,13225,"Peach County, Georgia",9958,100.0,6934,69.6,4265,42.8,2669,26.8,3024,30.4,1476,14.8,1144,11.5,1548,15.5,1324,13.3,9958,100.0,2468,24.8,3364,33.8,1803,18.1,1275,12.8,650,6.5,230,2.3,168,1.7,2.58, ( X ) ,3.07, ( X ) ,6934,100.0,3402,49.1,2888,41.6,678,9.8,617,8.9,1593,23.0,4490,100.0,1863,41.5,1654,36.8,344,7.7,406,9.0,904,20.1,1913,100.0,1256,65.7,1002,52.4,264,13.8,185,9.7,553,28.9
0500000US13227,13227,"Pickens County, Georgia",11291,100.0,8423,74.6,6133,54.3,2290,20.3,2868,25.4,1301,11.5,1041,9.2,1567,13.9,1350,12.0,11291,100.0,2391,21.2,4410,39.1,1894,16.8,1487,13.2,689,6.1,261,2.3,159,1.4,2.57, ( X ) ,2.97, ( X ) ,8423,100.0,3563,42.3,3162,37.5,663,7.9,640,7.6,1859,22.1,6848,100.0,2628,38.4,2397,35.0,504,7.4,515,7.5,1378,20.1,1118,100.0,676,60.5,558,49.9,96,8.6,90,8.1,372,33.3
0500000US13229,13229,"Pierce County, Georgia",7083,100.0,5268,74.4,3672,51.8,1596,22.5,1815,25.6,842,11.9,685,9.7,973,13.7,859,12.1,7083,100.0,1544,21.8,2452,34.6,1310,18.5,1067,15.1,459,6.5,160,2.3,91,1.3,2.63, ( X ) ,3.05, ( X ) ,5268,100.0,2640,50.1,2313,43.9,484,9.2,495,9.4,1334,25.3,3943,100.0,1770,44.9,1607,40.8,333,8.4,374,9.5,900,22.8,965,100.0,659,68.3,531,55.0,100,10.4,100,10.4,331,34.3
0500000US13231,13231,"Pike County, Georgia",6187,100.0,4906,79.3,3647,58.9,1259,20.3,1281,20.7,660,10.7,537,8.7,621,10.0,552,8.9,6187,100.0,1089,17.6,1993,32.2,1164,18.8,1150,18.6,495,8.0,183,3.0,113,1.8,2.84, ( X ) ,3.20, ( X ) ,4906,100.0,2546,51.9,2217,45.2,326,6.6,434,8.8,1457,29.7,3914,100.0,1928,49.3,1736,44.4,228,5.8,352,9.0,1156,29.5,682,100.0,445,65.2,340,49.9,61,8.9,60,8.8,219,32.1
0500000US13233,13233,"Polk County, Georgia",15092,100.0,10908,72.3,7300,48.4,3608,23.9,4184,27.7,1901,12.6,1528,10.1,2283,15.1,2030,13.5,15092,100.0,3558,23.6,4752,31.5,2708,17.9,2101,13.9,1074,7.1,496,3.3,403,2.7,2.72, ( X ) ,3.20, ( X ) ,10908,100.0,5656,51.9,4776,43.8,1112,10.2,1106,10.1,2558,23.5,7773,100.0,3657,47.0,3216,41.4,722,9.3,804,10.3,1690,21.7,2237,100.0,1475,65.9,1152,51.5,263,11.8,231,10.3,658,29.4
0500000US13235,13235,"Pulaski County, Georgia",4475,100.0,3010,67.3,1829,40.9,1181,26.4,1465,32.7,662,14.8,578,12.9,803,17.9,731,16.3,4475,100.0,1309,29.3,1526,34.1,714,16.0,561,12.5,244,5.5,78,1.7,43,1.0,2.40, ( X ) ,2.96, ( X ) ,3010,100.0,1356,45.0,1155,38.4,245,8.1,254,8.4,656,21.8,2027,100.0,743,36.7,674,33.3,128,6.3,140,6.9,406,20.0,788,100.0,507,64.3,394,50.0,92,11.7,98,12.4,204,25.9
0500000US13237,13237,"Putnam County, Georgia",8601,100.0,6075,70.6,4079,47.4,1996,23.2,2526,29.4,1267,14.7,1023,11.9,1259,14.6,1099,12.8,8601,100.0,2122,24.7,3460,40.2,1295,15.1,985,11.5,462,5.4,160,1.9,117,1.4,2.45, ( X ) ,2.88, ( X ) ,6075,100.0,2454,40.4,2057,33.9,463,7.6,441,7.3,1153,19.0,4456,100.0,1446,32.5,1273,28.6,284,6.4,270,6.1,719,16.1,1225,100.0,812,66.3,635,51.8,131,10.7,150,12.2,354,28.9
0500000US13239,13239,"Quitman County, Georgia",1053,100.0,689,65.4,429,40.7,260,24.7,364,34.6,171,16.2,144,13.7,193,18.3,178,16.9,1053,100.0,322,30.6,400,38.0,142,13.5,88,8.4,48,4.6,26,2.5,27,2.6,2.39, ( X ) ,2.98, ( X ) ,689,100.0,257,37.3,197,28.6,33,4.8,46,6.7,118,17.1,470,100.0,138,29.4,110,23.4,20,4.3,22,4.7,68,14.5,166,100.0,99,59.6,73,44.0,9,5.4,23,13.9,41,24.7
0500000US13241,13241,"Rabun County, Georgia",6780,100.0,4528,66.8,3277,48.3,1251,18.5,2252,33.2,1004,14.8,802,11.8,1248,18.4,1127,16.6,6780,100.0,1929,28.5,2673,39.4,948,14.0,721,10.6,302,4.5,129,1.9,78,1.2,2.34, ( X ) ,2.85, ( X ) ,4528,100.0,1763,38.9,1541,34.0,297,6.6,287,6.3,957,21.1,3554,100.0,1208,34.0,1093,30.8,202,5.7,227,6.4,664,18.7,653,100.0,382,58.5,306,46.9,56,8.6,47,7.2,203,31.1
0500000US13243,13243,"Randolph County, Georgia",3187,100.0,2011,63.1,1016,31.9,995,31.2,1176,36.9,511,16.0,462,14.5,665,20.9,607,19.0,3187,100.0,1069,33.5,1048,32.9,474,14.9,338,10.6,141,4.4,70,2.2,47,1.5,2.33, ( X ) ,2.97, ( X ) ,2011,100.0,925,46.0,720,35.8,141,7.0,148,7.4,431,21.4,1148,100.0,390,34.0,334,29.1,63,5.5,66,5.7,205,17.9,722,100.0,473,65.5,337,46.7,66,9.1,72,10.0,199,27.6
0500000US13245,13245,"Richmond County, Georgia",76924,100.0,48641,63.2,25427,33.1,23214,30.2,28283,36.8,13057,17.0,10427,13.6,15226,19.8,12973,16.9,76924,100.0,23400,30.4,23705,30.8,13184,17.1,9011,11.7,4493,5.8,1821,2.4,1310,1.7,2.47, ( X ) ,3.09, ( X ) ,48641,100.0,25523,52.5,21561,44.3,5405,11.1,4536,9.3,11620,23.9,27347,100.0,11536,42.2,10122,37.0,2564,9.4,2176,8.0,5382,19.7,17389,100.0,11930,68.6,9813,56.4,2315,13.3,2128,12.2,5370,30.9
0500000US13247,13247,"Rockdale County, Georgia",30027,100.0,22511,75.0,13816,46.0,8695,29.0,7516,25.0,3327,11.1,2656,8.8,4189,14.0,3662,12.2,30027,100.0,6318,21.0,9273,30.9,5646,18.8,4629,15.4,2340,7.8,1052,3.5,769,2.6,2.81, ( X ) ,3.23, ( X ) ,22511,100.0,12015,53.4,10547,46.9,1882,8.4,2180,9.7,6485,28.8,15217,100.0,7121,46.8,6447,42.4,1113,7.3,1473,9.7,3861,25.4,5679,100.0,3934,69.3,3312,58.3,591,10.4,577,10.2,2144,37.8
0500000US13249,13249,"Schley County, Georgia",1872,100.0,1334,71.3,877,46.8,457,24.4,538,28.7,250,13.4,209,11.2,288,15.4,271,14.5,1872,100.0,480,25.6,550,29.4,310,16.6,310,16.6,129,6.9,58,3.1,35,1.9,2.68, ( X ) ,3.24, ( X ) ,1334,100.0,744,55.8,668,50.1,102,7.6,167,12.5,399,29.9,983,100.0,503,51.2,464,47.2,58,5.9,120,12.2,286,29.1,258,100.0,192,74.4,158,61.2,33,12.8,41,15.9,84,32.6
0500000US13251,13251,"Screven County, Georgia",5596,100.0,3854,68.9,2241,40.0,1613,28.8,1742,31.1,832,14.9,712,12.7,910,16.3,816,14.6,5596,100.0,1528,27.3,1808,32.3,986,17.6,701,12.5,339,6.1,137,2.4,97,1.7,2.53, ( X ) ,3.07, ( X ) ,3854,100.0,1876,48.7,1553,40.3,334,8.7,300,7.8,919,23.8,2523,100.0,1030,40.8,898,35.6,175,6.9,183,7.3,540,21.4,1039,100.0,694,66.8,528,50.8,112,10.8,103,9.9,313,30.1
0500000US13253,13253,"Seminole County, Georgia",3509,100.0,2471,70.4,1549,44.1,922,26.3,1038,29.6,495,14.1,430,12.3,543,15.5,497,14.2,3509,100.0,927,26.4,1294,36.9,570,16.2,393,11.2,206,5.9,68,1.9,51,1.5,2.46, ( X ) ,2.95, ( X ) ,2471,100.0,1054,42.7,841,34.0,169,6.8,166,6.7,506,20.5,1677,100.0,598,35.7,507,30.2,103,6.1,100,6.0,304,18.1,629,100.0,375,59.6,273,43.4,51,8.1,53,8.4,169,26.9
0500000US13255,13255,"Spalding County, Georgia",23565,100.0,16869,71.6,10232,43.4,6637,28.2,6696,28.4,3073,13.0,2419,10.3,3623,15.4,3109,13.2,23565,100.0,5528,23.5,7807,33.1,4084,17.3,3366,14.3,1604,6.8,689,2.9,487,2.1,2.67, ( X ) ,3.12, ( X ) ,16869,100.0,8385,49.7,7026,41.7,1592,9.4,1474,8.7,3960,23.5,10906,100.0,4574,41.9,4013,36.8,871,8.0,895,8.2,2247,20.6,4563,100.0,3028,66.4,2379,52.1,533,11.7,478,10.5,1368,30.0
0500000US13257,13257,"Stephens County, Georgia",10289,100.0,7236,70.3,4941,48.0,2295,22.3,3053,29.7,1321,12.8,1086,10.6,1732,16.8,1561,15.2,10289,100.0,2647,25.7,3732,36.3,1700,16.5,1261,12.3,572,5.6,236,2.3,141,1.4,2.49, ( X ) ,2.96, ( X ) ,7236,100.0,3185,44.0,2773,38.3,604,8.3,531,7.3,1638,22.6,5431,100.0,2059,37.9,1849,34.0,377,6.9,382,7.0,1090,20.1,1363,100.0,877,64.3,709,52.0,168,12.3,123,9.0,418,30.7
0500000US13259,13259,"Stewart County, Georgia",1862,100.0,1187,63.7,617,33.1,570,30.6,675,36.3,313,16.8,277,14.9,362,19.4,323,17.3,1862,100.0,600,32.2,604,32.4,305,16.4,202,10.8,89,4.8,40,2.1,22,1.2,2.35, ( X ) ,2.97, ( X ) ,1187,100.0,518,43.6,403,34.0,80,6.7,67,5.6,256,21.6,659,100.0,221,33.5,186,28.2,44,6.7,20,3.0,122,18.5,406,100.0,249,61.3,178,43.8,29,7.1,41,10.1,108,26.6
0500000US13261,13261,"Sumter County, Georgia",12123,100.0,8153,67.3,4313,35.6,3840,31.7,3970,32.7,1728,14.3,1395,11.5,2242,18.5,1946,16.1,12123,100.0,3341,27.6,3883,32.0,2054,16.9,1522,12.6,783,6.5,326,2.7,214,1.8,2.55, ( X ) ,3.11, ( X ) ,8153,100.0,4192,51.4,3540,43.4,821,10.1,740,9.1,1979,24.3,4774,100.0,1919,40.2,1712,35.9,369,7.7,328,6.9,1015,21.3,2783,100.0,1983,71.3,1605,57.7,379,13.6,383,13.8,843,30.3
0500000US13263,13263,"Talbot County, Georgia",2832,100.0,1904,67.2,1099,38.8,805,28.4,928,32.8,444,15.7,381,13.5,484,17.1,437,15.4,2832,100.0,818,28.9,998,35.2,448,15.8,315,11.1,153,5.4,61,2.2,39,1.4,2.42, ( X ) ,2.98, ( X ) ,1904,100.0,794,41.7,580,30.5,84,4.4,120,6.3,376,19.7,1207,100.0,400,33.1,321,26.6,39,3.2,74,6.1,208,17.2,545,100.0,320,58.7,210,38.5,33,6.1,39,7.2,138,25.3
0500000US13265,13265,"Taliaferro County, Georgia",759,100.0,480,63.2,260,34.3,220,29.0,279,36.8,139,18.3,120,15.8,140,18.4,132,17.4,759,100.0,252,33.2,260,34.3,125,16.5,78,10.3,27,3.6,8,1.1,9,1.2,2.25, ( X ) ,2.83, ( X ) ,480,100.0,188,39.2,152,31.7,47,9.8,25,5.2,80,16.7,270,100.0,87,32.2,73,27.0,21,7.8,14,5.2,38,14.1,167,100.0,87,52.1,69,41.3,23,13.8,11,6.6,35,21.0
0500000US13267,13267,"Tattnall County, Georgia",8210,100.0,5568,67.8,3609,44.0,1959,23.9,2642,32.2,1221,14.9,1001,12.2,1421,17.3,1270,15.5,8210,100.0,2271,27.7,2728,33.2,1321,16.1,1076,13.1,482,5.9,192,2.3,140,1.7,2.52, ( X ) ,3.07, ( X ) ,5568,100.0,2770,49.7,2405,43.2,518,9.3,548,9.8,1339,24.0,3974,100.0,1756,44.2,1585,39.9,342,8.6,382,9.6,861,21.7,1161,100.0,778,67.0,629,54.2,133,11.5,130,11.2,366,31.5
0500000US13269,13269,"Taylor County, Georgia",3522,100.0,2342,66.5,1313,37.3,1029,29.2,1180,33.5,553,15.7,484,13.7,627,17.8,577,16.4,3522,100.0,1061,30.1,1132,32.1,580,16.5,421,12.0,221,6.3,68,1.9,39,1.1,2.44, ( X ) ,3.04, ( X ) ,2342,100.0,1136,48.5,954,40.7,176,7.5,172,7.3,606,25.9,1508,100.0,627,41.6,548,36.3,87,5.8,92,6.1,369,24.5,691,100.0,439,63.5,342,49.5,70,10.1,76,11.0,196,28.4
0500000US13271,13271,"Telfair County, Georgia",5543,100.0,3609,65.1,2113,38.1,1496,27.0,1934,34.9,920,16.6,780,14.1,1014,18.3,926,16.7,5543,100.0,1706,30.8,1836,33.1,856,15.4,628,11.3,313,5.6,131,2.4,73,1.3,2.41, ( X ) ,3.02, ( X ) ,3609,100.0,1744,48.3,1465,40.6,306,8.5,330,9.1,829,23.0,2369,100.0,966,40.8,850,35.9,168,7.1,201,8.5,481,20.3,953,100.0,616,64.6,487,51.1,106,11.1,106,11.1,275,28.9
0500000US13273,13273,"Terrell County, Georgia",3519(r3198),100.0,2450,69.6,1259,35.8,1191,33.8,1069,30.4,464,13.2,390,11.1,605,17.2,550,15.6,3519(r3198),100.0,940,26.7,1180,33.5,590,16.8,434,12.3,200,5.7,89,2.5,86,2.4,2.57, ( X ) ,3.11, ( X ) ,2450,100.0,1176,48.0,924,37.7,193,7.9,170,6.9,561,22.9,1413,100.0,518,36.7,440,31.1,81,5.7,77,5.4,282,20.0,860,100.0,569,66.2,428,49.8,98,11.4,88,10.2,242,28.1
0500000US13275,13275,"Thomas County, Georgia",17573,100.0,11999,68.3,7248,41.2,4751,27.0,5574,31.7,2484,14.1,2032,11.6,3090,17.6,2746,15.6,17573,100.0,4778,27.2,5882,33.5,3012,17.1,2251,12.8,1019,5.8,403,2.3,228,1.3,2.50, ( X ) ,3.03, ( X ) ,11999,100.0,5853,48.8,5026,41.9,1051,8.8,1031,8.6,2944,24.5,7941,100.0,3285,41.4,2974,37.5,619,7.8,623,7.8,1732,21.8,3224,100.0,2134,66.2,1699,52.7,349,10.8,356,11.0,994,30.8
0500000US13277,13277,"Tift County, Georgia",14836,100.0,10327,69.6,6444,43.4,3883,26.2,4509,30.4,1960,13.2,1564,10.5,2549,17.2,2236,15.1,14836,100.0,3800,25.6,4735,31.9,2597,17.5,2073,14.0,1000,6.7,398,2.7,233,1.6,2.60, ( X ) ,3.12, ( X ) ,10327,100.0,5321,51.5,4646,45.0,1001,9.7,1073,10.4,2572,24.9,6979,100.0,3118,44.7,2836,40.6,596,8.5,675,9.7,1565,22.4,2616,100.0,1780,68.0,1460,55.8,317,12.1,329,12.6,814,31.1
0500000US13279,13279,"Toombs County, Georgia",10375,100.0,7109,68.5,4354,42.0,2755,26.6,3266,31.5,1465,14.1,1202,11.6,1801,17.4,1620,15.6,10375,100.0,2822,27.2,3206,30.9,1767,17.0,1427,13.8,677,6.5,292,2.8,184,1.8,2.59, ( X ) ,3.14, ( X ) ,7109,100.0,3831,53.9,3324,46.8,764,10.7,762,10.7,1798,25.3,4705,100.0,2188,46.5,1958,41.6,439,9.3,455,9.7,1064,22.6,1898,100.0,1359,71.6,1133,59.7,264,13.9,274,14.4,595,31.3
0500000US13281,13281,"Towns County, Georgia",4510,100.0,2981,66.1,2276,50.5,705,15.6,1529,33.9,647,14.3,551,12.2,882,19.6,807,17.9,4510,100.0,1358,30.1,2023,44.9,531,11.8,358,7.9,155,3.4,51,1.1,34,0.8,2.17, ( X ) ,2.65, ( X ) ,2981,100.0,894,30.0,795,26.7,147,4.9,150,5.0,498,16.7,2524,100.0,636,25.2,586,23.2,101,4.0,125,5.0,360,14.3,341,100.0,192,56.3,153,44.9,32,9.4,18,5.3,103,30.2
0500000US13283,13283,"Treutlen County, Georgia",2543,100.0,1770,69.6,1079,42.4,691,27.2,773,30.4,356,14.0,314,12.3,417,16.4,374,14.7,2543,100.0,688,27.1,829,32.6,418,16.4,359,14.1,151,5.9,64,2.5,34,1.3,2.53, ( X ) ,3.07, ( X ) ,1770,100.0,905,51.1,776,43.8,154,8.7,182,10.3,440,24.9,1180,100.0,515,43.6,468,39.7,88,7.5,99,8.4,281,23.8,461,100.0,331,71.8,264,57.3,53,11.5,71,15.4,140,30.4
0500000US13285,13285,"Troup County, Georgia",24828,100.0,17489,70.4,10293,41.5,7196,29.0,7339,29.6,3357,13.5,2714,10.9,3982,16.0,3510,14.1,24828,100.0,6224,25.1,7844,31.6,4453,17.9,3604,14.5,1641,6.6,669,2.7,393,1.6,2.62, ( X ) ,3.12, ( X ) ,17489,100.0,9283,53.1,7932,45.4,1703,9.7,1582,9.0,4647,26.6,11178,100.0,5087,45.5,4516,40.4,895,8.0,922,8.2,2699,24.1,5034,100.0,3490,69.3,2844,56.5,653,13.0,580,11.5,1611,32.0
0500000US13287,13287,"Turner County, Georgia",3339,100.0,2308,69.1,1350,40.4,958,28.7,1031,30.9,438,13.1,363,10.9,593,17.8,541,16.2,3339,100.0,904,27.1,1090,32.6,563,16.9,426,12.8,203,6.1,93,2.8,60,1.8,2.56, ( X ) ,3.10, ( X ) ,2308,100.0,1132,49.0,929,40.3,198,8.6,208,9.0,523,22.7,1498,100.0,609,40.7,523,34.9,104,6.9,124,8.3,295,19.7,647,100.0,429,66.3,329,50.9,78,12.1,72,11.1,179,27.7
0500000US13289,13289,"Twiggs County, Georgia",3634,100.0,2492,68.6,1573,43.3,919,25.3,1142,31.4,573,15.8,497,13.7,569,15.7,507,14.0,3634,100.0,1004,27.6,1272,35.0,593,16.3,432,11.9,208,5.7,73,2.0,52,1.4,2.46, ( X ) ,2.99, ( X ) ,2492,100.0,1037,41.6,790,31.7,165,6.6,129,5.2,496,19.9,1685,100.0,623,37.0,503,29.9,114,6.8,82,4.9,307,18.2,599,100.0,317,52.9,213,35.6,36,6.0,37,6.2,140,23.4
0500000US13291,13291,"Union County, Georgia",9116,100.0,6382,70.0,4916,53.9,1466,16.1,2734,30.0,1190,13.1,995,10.9,1544,16.9,1391,15.3,9116,100.0,2386,26.2,4077,44.7,1163,12.8,879,9.6,372,4.1,155,1.7,84,0.9,2.30, ( X ) ,2.75, ( X ) ,6382,100.0,2032,31.8,1784,28.0,345,5.4,331,5.2,1108,17.4,5363,100.0,1460,27.2,1322,24.7,251,4.7,267,5.0,804,15.0,731,100.0,402,55.0,319,43.6,57,7.8,49,6.7,213,29.1
0500000US13293,13293,"Upson County, Georgia",10716,100.0,7382,68.9,4613,43.0,2769,25.8,3334,31.1,1470,13.7,1228,11.5,1864,17.4,1706,15.9,10716,100.0,2934,27.4,3614,33.7,1831,17.1,1331,12.4,599,5.6,252,2.4,155,1.4,2.49, ( X ) ,3.00, ( X ) ,7382,100.0,3454,46.8,2921,39.6,585,7.9,559,7.6,1777,24.1,4904,100.0,1956,39.9,1722,35.1,335,6.8,350,7.1,1037,21.1,1888,100.0,1191,63.1,956,50.6,199,10.5,177,9.4,580,30.7
0500000US13295,13295,"Walker County, Georgia",26497,100.0,18898,71.3,13100,49.4,5798,21.9,7599,28.7,3407,12.9,2811,10.6,4192,15.8,3737,14.1,26497,100.0,6548,24.7,9155,34.6,4610,17.4,3675,13.9,1613,6.1,564,2.1,332,1.3,2.54, ( X ) ,3.01, ( X ) ,18898,100.0,8807,46.6,7496,39.7,1578,8.4,1385,7.3,4533,24.0,14073,100.0,5921,42.1,5239,37.2,1057,7.5,1045,7.4,3137,22.3,3480,100.0,2141,61.5,1640,47.1,344,9.9,260,7.5,1036,29.8
0500000US13297,13297,"Walton County, Georgia",29583,100.0,22921,77.5,16064,54.3,6857,23.2,6662,22.5,3050,10.3,2376,8.0,3612,12.2,3145,10.6,29583,100.0,5521,18.7,9637,32.6,5582,18.9,5051,17.1,2321,7.8,958,3.2,513,1.7,2.81, ( X ) ,3.19, ( X ) ,22921,100.0,11888,51.9,10547,46.0,2110,9.2,2154,9.4,6283,27.4,17294,100.0,8239,47.6,7591,43.9,1510,8.7,1665,9.6,4416,25.5,4109,100.0,2772,67.5,2254,54.9,413,10.1,394,9.6,1447,35.2
0500000US13299,13299,"Ware County, Georgia",13654,100.0,9209,67.4,5669,41.5,3540,25.9,4445,32.6,1942,14.2,1610,11.8,2503,18.3,2273,16.6,13654,100.0,3883,28.4,4464,32.7,2257,16.5,1762,12.9,803,5.9,305,2.2,180,1.3,2.48, ( X ) ,3.03, ( X ) ,9209,100.0,4491,48.8,3799,41.3,907,9.8,760,8.3,2132,23.2,6087,100.0,2502,41.1,2214,36.4,506,8.3,436,7.2,1272,20.9,2421,100.0,1623,67.0,1277,52.7,309,12.8,271,11.2,697,28.8
0500000US13301,13301,"Warren County, Georgia",2315,100.0,1582,68.3,851,36.8,731,31.6,733,31.7,348,15.0,302,13.0,385,16.6,353,15.2,2315,100.0,655,28.3,763,33.0,422,18.2,257,11.1,115,5.0,61,2.6,42,1.8,2.48, ( X ) ,3.05, ( X ) ,1582,100.0,702,44.4,553,35.0,105,6.6,119,7.5,329,20.8,938,100.0,313,33.4,257,27.4,43,4.6,53,5.7,161,17.2,541,100.0,343,63.4,259,47.9,50,9.2,63,11.6,146,27.0
0500000US13303,13303,"Washington County, Georgia",7547,100.0,5269,69.8,2962,39.2,2307,30.6,2278,30.2,1004,13.3,881,11.7,1274,16.9,1170,15.5,7547,100.0,2051,27.2,2345,31.1,1328,17.6,1029,13.6,503,6.7,182,2.4,109,1.4,2.56, ( X ) ,3.10, ( X ) ,5269,100.0,2644,50.2,2179,41.4,440,8.4,473,9.0,1266,24.0,3228,100.0,1324,41.0,1172,36.3,224,6.9,260,8.1,688,21.3,1693,100.0,1129,66.7,866,51.2,180,10.6,201,11.9,485,28.6
0500000US13305,13305,"Wayne County, Georgia",10562,100.0,7686,72.8,5128,48.6,2558,24.2,2876,27.2,1356,12.8,1121,10.6,1520,14.4,1373,13.0,10562,100.0,2494,23.6,3491,33.1,1914,18.1,1505,14.2,712,6.7,272,2.6,174,1.6,2.63, ( X ) ,3.09, ( X ) ,7686,100.0,3910,50.9,3363,43.8,811,10.6,666,8.7,1886,24.5,5563,100.0,2480,44.6,2207,39.7,500,9.0,446,8.0,1261,22.7,1571,100.0,1101,70.1,884,56.3,240,15.3,180,11.5,464,29.5
0500000US13307,13307,"Webster County, Georgia",1119,100.0,788,70.4,497,44.4,291,26.0,331,29.6,176,15.7,155,13.9,155,13.9,143,12.8,1119,100.0,298,26.6,381,34.0,182,16.3,153,13.7,71,6.3,17,1.5,17,1.5,2.50, ( X ) ,3.00, ( X ) ,788,100.0,381,48.4,318,40.4,47,6.0,72,9.1,199,25.3,524,100.0,211,40.3,181,34.5,22,4.2,41,7.8,118,22.5,183,100.0,118,64.5,94,51.4,15,8.2,22,12.0,57,31.1
0500000US13309,13309,"Wheeler County, Georgia",2152,100.0,1519,70.6,1007,46.8,512,23.8,633,29.4,316,14.7,276,12.8,317,14.7,284,13.2,2152,100.0,560,26.0,732,34.0,359,16.7,282,13.1,135,6.3,51,2.4,33,1.5,2.54, ( X ) ,3.05, ( X ) ,1519,100.0,726,47.8,606,39.9,143,9.4,142,9.3,321,21.1,1067,100.0,440,41.2,375,35.1,82,7.7,89,8.3,204,19.1,334,100.0,223,66.8,176,52.7,45,13.5,42,12.6,89,26.6
0500000US13311,13311,"White County, Georgia",10646,100.0,7750,72.8,5549,52.1,2201,20.7,2896,27.2,1328,12.5,1064,10.0,1568,14.7,1360,12.8,10646,100.0,2424,22.8,4189,39.3,1701,16.0,1349,12.7,631,5.9,230,2.2,122,1.1,2.52, ( X ) ,2.93, ( X ) ,7750,100.0,3301,42.6,2936,37.9,599,7.7,599,7.7,1738,22.4,6127,100.0,2295,37.5,2105,34.4,409,6.7,465,7.6,1231,20.1,1135,100.0,702,61.9,575,50.7,117,10.3,100,8.8,358,31.5
0500000US13313,13313,"Whitfield County, Georgia",35180,100.0,26090,74.2,18249,51.9,7841,22.3,9090,25.8,4323,12.3,3399,9.7,4767,13.6,4144,11.8,35180,100.0,7543,21.4,10522,29.9,6014,17.1,5311,15.1,3176,9.0,1509,4.3,1105,3.1,2.89, ( X ) ,3.36, ( X ) ,26090,100.0,14384,55.1,12669,48.6,2540,9.7,3215,12.3,6914,26.5,19133,100.0,9836,51.4,8935,46.7,1688,8.8,2433,12.7,4814,25.2,4727,100.0,3158,66.8,2601,55.0,524,11.1,543,11.5,1534,32.5
0500000US13315,13315,"Wilcox County, Georgia",2891,100.0,2027,70.1,1317,45.6,710,24.6,864,29.9,398,13.8,320,11.1,466,16.1,430,14.9,2891,100.0,750,25.9,1024,35.4,455,15.7,391,13.5,177,6.1,59,2.0,35,1.2,2.50, ( X ) ,3.00, ( X ) ,2027,100.0,930,45.9,778,38.4,166,8.2,166,8.2,446,22.0,1421,100.0,536,37.7,466,32.8,93,6.5,108,7.6,265,18.6,455,100.0,300,65.9,232,51.0,48,10.5,46,10.1,138,30.3
0500000US13317,13317,"Wilkes County, Georgia",4263,100.0,2841,66.6,1691,39.7,1150,27.0,1422,33.4,661,15.5,575,13.5,761,17.9,685,16.1,4263,100.0,1260,29.6,1462,34.3,695,16.3,485,11.4,220,5.2,89,2.1,52,1.2,2.40, ( X ) ,2.96, ( X ) ,2841,100.0,1263,44.5,1030,36.3,202,7.1,215,7.6,613,21.6,1822,100.0,662,36.3,566,31.1,110,6.0,123,6.8,333,18.3,803,100.0,495,61.6,388,48.3,74,9.2,82,10.2,232,28.9
0500000US13319,13319,"Wilkinson County, Georgia",3666,100.0,2638,72.0,1642,44.8,996,27.2,1028,28.0,495,13.5,423,11.5,533,14.5,485,13.2,3666,100.0,908,24.8,1268,34.6,610,16.6,495,13.5,232,6.3,93,2.5,60,1.6,2.58, ( X ) ,3.06, ( X ) ,2638,100.0,1216,46.1,960,36.4,185,7.0,228,8.6,547,20.7,1757,100.0,699,39.8,600,34.1,110,6.3,139,7.9,351,20.0,670,100.0,409,61.0,271,40.4,52,7.8,70,10.4,149,22.2
0500000US13321,13321,"Worth County, Georgia",8214,100.0,6032,73.4,3900,47.5,2132,26.0,2182,26.6,1014,12.3,860,10.5,1168,14.2,1058,12.9,8214,100.0,1918,23.4,2801,34.1,1476,18.0,1111,13.5,568,6.9,206,2.5,134,1.6,2.62, ( X ) ,3.07, ( X ) ,6032,100.0,2857,47.4,2362,39.2,510,8.5,416,6.9,1436,23.8,4170,100.0,1695,40.6,1462,35.1,286,6.9,259,6.2,917,22.0,1408,100.0,930,66.1,710,50.4,175,12.4,127,9.0,408,29.0
